pickup_cell_row,pickup_cell_col,dropoff_cell_row,dropoff_cell_col,distance_km,original_index
3,9,11,5,4.480722612355456,129104
10,10,6,9,2.205408887682324,129105
12,10,12,2,1.839883693134728,129106
13,5,13,9,0.9158831663258729,129107
6,11,7,11,0.548053447508892,129108
3,5,12,5,4.936613709649444,129109
13,5,10,2,1.792441102487159,129110
7,11,10,2,2.660641739732034,129112
12,11,13,12,0.5932593220783529,129120
5,2,7,13,2.824738997373538,129122
12,9,7,2,3.2004640670070397,129123
5,12,12,11,3.8440110350983834,129129
11,12,8,13,1.6614670921344168,129132
3,12,5,12,1.0959289801420133,129134
13,3,9,11,2.861538374844947,129136
6,2,5,5,0.8912581030112956,129138
8,4,8,2,0.4680913885014452,129143
6,11,5,10,0.5970057998191223,129145
6,5,7,7,0.7259790265640297,129146
12,5,11,8,0.8802011284506422,129151
7,10,10,6,1.8885627592153724,129152
12,1,10,9,2.1410652445923293,129153
13,8,14,14,1.4744351460162004,129157
11,13,13,6,1.9481675166872119,129159
13,10,10,8,1.7084412206114221,129161
4,9,6,9,1.0963678211768666,129163
12,13,13,11,0.7167019304736567,129167
3,4,9,3,3.2970951454426687,129171
7,2,7,10,1.8805668554175663,129174
12,3,14,5,1.1930647762191613,129176
11,1,13,12,2.762737849958887,129177
7,12,12,6,3.073860277885316,129184
5,2,6,2,0.5487489687005297,129185
5,9,7,3,1.7841739891906463,129194
10,4,12,4,1.097244338043324,129196
11,7,12,0,1.69834665234185,129199
3,4,7,4,2.194299946480967,129200
3,2,4,2,0.5487334246628522,129202
4,11,12,11,4.384525789118847,129206
13,7,13,4,0.6869005892196837,129208
7,10,6,11,0.5966219480289686,129210
13,7,12,5,0.7172952660076894,129211
11,11,12,5,1.486365354210637,129215
7,11,10,6,2.0144361287318975,129217
8,10,7,10,0.5481319150889399,129218
6,9,2,9,2.192703251337549,129220
13,8,5,10,4.409635008999794,129224
14,5,10,4,2.208450796748067,129228
4,11,4,3,1.904992658859205,129229
13,8,11,10,1.1888088871334028,129230
11,4,14,5,1.6637192114022656,129234
3,4,7,3,2.204041651892792,129235
12,10,14,5,1.5829933965922338,129236
9,8,7,10,1.1912744678722393,129237
8,9,7,12,0.8922324785013835,129240
12,3,12,5,0.45996035096953125,129243
10,6,11,11,1.281900946014521,129244
12,3,8,10,2.7215429265554367,129248
4,4,9,5,2.7554352718758546,129252
6,2,10,6,2.3956522375953773,129253
13,2,14,8,1.4802807624837209,129258
13,6,12,10,1.0681499694618304,129259
10,6,13,9,1.7867702913141643,129262
13,8,12,5,0.8823752559951085,129264
5,12,7,9,1.3051111906430992,129266
6,2,4,2,1.097490164987174,129274
11,6,11,1,1.1549800612896868,129279
10,12,11,12,0.5480180185197788,129283
5,10,5,12,0.4742372052699709,129294
5,12,6,13,0.59606054602548,129296
4,5,5,13,1.9801949437981805,129297
13,12,9,12,2.192088535607985,129298
7,10,9,10,1.096271971478738,129301
6,5,14,6,4.395908334151139,129302
12,5,11,5,0.5485442802934953,129304
4,10,8,10,2.1924788004535114,129306
6,11,3,3,2.522713811810769,129308
9,5,4,5,2.742523650443111,129310
7,11,5,9,1.1940115798876185,129313
4,4,14,5,5.492975116753909,129315
8,4,9,2,0.7158488460713973,129316
8,12,7,13,0.596998257690656,129317
10,6,14,6,2.1938735524750963,129318
7,11,11,9,2.2416518830437706,129319
11,6,12,10,1.0739732336305694,129325
2,11,12,11,5.4805753127959305,129326
7,13,6,12,0.5955900519473435,129333
13,10,6,4,4.091226906222742,129337
9,11,11,11,1.096164212268364,129340
12,3,9,9,2.146064131976772,129345
6,11,9,4,2.3182715723600777,129347
11,11,12,6,1.2754191070194498,129351
10,9,13,5,1.882232074616295,129356
1,2,6,4,2.79149836705527,129357
11,11,12,5,1.486365354210637,129361
7,10,12,13,2.825464612560077,129369
8,12,10,13,1.1193316580147306,129370
10,11,4,2,3.9245463478305744,129371
11,5,12,10,1.2780772887586276,129374
11,7,9,3,1.4432487994776297,129375
3,2,7,2,2.194980325055861,129376
5,12,6,2,2.4250822612411467,129377
12,5,13,9,1.071220120927999,129378
9,12,8,13,0.5966816911908605,129379
6,2,8,2,1.0975212513139634,129380
11,5,6,2,2.839597715722635,129386
12,11,13,9,0.71547310011741,129390
8,1,14,5,3.4303523018249162,129393
10,5,7,5,1.645561655202706,129396
4,4,5,2,0.7205513531250867,129399
12,1,8,10,3.0168077242994884,129403
11,6,13,6,1.0969367787438367,129405
10,5,10,2,0.6960393026046076,129406
6,11,6,9,0.47219778170985377,129409
4,11,6,9,1.1938465065274528,129414
10,12,12,11,1.1210418009266718,129420
14,12,13,6,1.4763835041295512,129422
4,4,6,4,1.097149975724903,129423
7,13,9,5,2.1679112594350047,129425
12,4,10,4,1.097244338043324,129427
11,5,5,9,3.4154850237701213,129430
11,6,14,5,1.6598665760025588,129437
6,4,9,5,1.6647884141861171,129445
9,5,12,4,1.6597215254724071,129447
6,11,5,11,0.5480452585351874,129449
13,6,11,9,1.2936928551507538,129455
10,9,8,12,1.3008547268411585,129456
6,10,10,4,2.5975464184934016,129461
6,10,4,10,1.0962231175058628,129463
5,2,6,2,0.5487489687005297,129466
10,4,12,0,1.424660715272102,129467
12,10,13,5,1.2701044264680363,129469
11,7,10,11,1.0756411439711249,129473
13,5,10,9,1.882232074616295,129476
11,7,13,6,1.1195151261058025,129479
6,11,7,13,0.7216220812115134,129481
12,3,9,4,1.659534239872134,129485
8,12,6,12,1.0959783940301129,129487
13,6,13,10,0.9158936423603836,129488
7,13,6,9,1.0896051016075163,129491
10,6,11,7,0.5965324143220728,129493
11,10,12,0,2.364840995399056,129497
13,8,7,5,3.3674201318976564,129498
5,11,7,4,1.9782141077684647,129499
6,12,13,11,3.8440897916417747,129501
11,4,13,6,1.1930647972295245,129502
12,3,9,3,1.6461061648117319,129504
6,12,9,11,1.6613037619933586,129507
1,5,11,9,5.570276008240781,129508
7,11,10,11,1.6442094709908706,129512
11,7,11,2,1.1549934010843959,129513
6,10,8,11,1.1210196691789314,129516
10,12,7,10,1.7084290896371837,129517
9,5,9,11,1.3982540715128036,129519
7,11,14,9,3.865271759945867,129520
6,4,10,8,2.391826391924496,129523
10,11,11,5,1.491845193580758,129524
6,5,5,5,0.5484968221467361,129525
7,2,6,1,0.6008428499727719,129527
9,2,7,2,1.0975367935993783,129528
2,5,8,4,3.2969716965318057,129530
9,12,11,14,1.1874449830387404,129531
10,9,11,6,0.8831962509180562,129534
10,11,13,6,2.0067822778144926,129536
12,8,6,3,3.500213959164397,129538
12,5,7,10,2.9733331036885073,129539
13,5,7,2,3.3726877221504052,129540
4,12,7,3,2.683145504206004,129541
9,4,11,4,1.097228612475565,129542
10,3,7,3,1.6460592639963005,129543
11,12,13,6,1.7620402665594006,129544
6,14,5,12,0.7223457489250992,129545
13,6,11,9,1.2936928551507538,129551
7,3,13,11,3.785976891326189,129552
9,12,10,10,0.7196122430483336,129554
7,3,5,4,1.1193106214634956,129557
12,5,14,6,1.122198283000338,129558
6,11,7,10,0.5966219480289686,129559
7,3,6,11,1.9594329223203633,129560
8,4,2,3,3.303431658340824,129563
10,12,12,0,2.974405796343412,129566
7,11,12,11,2.7403900499315172,129567
6,12,6,5,1.6526629191316156,129569
13,13,14,11,0.715532092310076,129573
7,2,12,10,3.3247095445928254,129575
7,11,12,8,2.827912714577358,129576
11,6,13,6,1.0969367787438367,129578
7,9,8,12,0.8917381277536666,129582
12,4,12,10,1.3799286323390125,129584
6,2,12,2,3.292656986228819,129585
8,3,6,2,1.125703172828322,129590
3,2,11,1,4.392825038946313,129592
10,9,9,7,0.720177550664294,129598
11,8,12,5,0.8802011284506422,129601
7,2,6,5,0.8890187608384112,129605
6,3,8,12,2.38812876399563,129607
13,8,14,5,0.8757714298643609,129611
6,11,6,3,1.8887241193235815,129612
9,1,9,3,0.4660520854437914,129615
6,5,10,7,2.2466759925138167,129616
7,11,11,9,2.2416518830437706,129617
5,2,13,3,4.3992958123069466,129618
8,4,9,10,1.5076569676275415,129619
10,7,9,11,1.0789633718868845,129620
12,7,13,9,0.7158576390372815,129621
4,11,0,10,2.2056578278192727,129623
12,7,9,10,1.7840875529630136,129628
7,2,14,5,3.910784220858649,129632
3,2,12,11,5.381609560473181,129640
9,11,7,11,1.0961314601259848,129641
7,11,11,6,2.480619284297092,129642
3,5,3,3,0.4782643122418616,129643
3,11,11,9,4.409896682025708,129647
11,13,11,11,0.4620373774559483,129648
5,12,9,12,2.191956782898948,129650
11,6,12,6,0.5484644121577776,129652
6,5,10,13,2.8864922198662883,129655
11,11,14,11,1.6443077217763293,129656
14,6,10,1,2.4888288678819164,129658
11,13,9,13,1.0958953093156651,129660
5,4,8,4,1.645760350911253,129662
8,4,11,9,2.0205004239462414,129664
7,4,10,1,1.779920391466968,129665
3,3,1,1,1.2055904693138937,129667
5,12,6,12,0.5479768442213915,129668
10,6,13,6,1.645393233967035,129676
7,9,8,4,1.2912226398724533,129678
10,2,12,4,1.1959129629075678,129680
8,4,4,5,2.20417552076343,129682
10,7,12,0,1.9438274525630936,129683
8,3,6,1,1.2007165993374644,129686
6,3,12,4,3.3029360649315103,129691
2,5,2,2,0.720441708903376,129693
12,5,3,11,5.125670221737747,129697
6,11,7,12,0.5960605453046238,129698
12,5,6,4,3.3020019599354105,129700
14,13,14,6,1.5957192625123844,129701
6,11,8,10,1.1211984262103847,129704
8,12,6,11,1.120450077150978,129705
5,2,8,4,1.7184211249928254,129708
6,11,8,11,1.0961150831171302,129711
8,11,4,9,2.2431758937706605,129712
12,5,10,6,1.1193449543288274,129713
5,5,10,8,2.8355797548796313,129715
9,10,6,9,1.6614548733308052,129718
10,6,10,9,0.6960716120825652,129720
5,4,6,9,1.3077392844637912,129723
11,5,11,11,1.3860481054339193,129724
5,2,7,2,1.0975057084414634,129725
11,12,8,12,1.644029350289518,129730
6,11,6,10,0.2361002867052803,129731
7,3,5,4,1.1193106214634956,129733
3,2,7,10,2.9126645737200043,129734
7,5,10,9,1.8964345519076828,129735
6,11,8,11,1.0961150831171302,129739
6,3,10,7,2.393736514838878,129741
14,12,14,6,1.3677515847115136,129742
11,9,9,9,1.096448776735968,129743
9,12,10,11,0.5960232768392538,129745
10,7,11,11,1.076727983034012,129746
5,11,7,12,1.120729510357478,129749
6,11,7,2,2.1860919750922188,129752
10,11,14,6,2.474755443543489,129755
10,7,10,12,1.1601462756059162,129757
8,3,11,9,2.1648721791212506,129758
12,10,12,8,0.4599867848930472,129759
11,6,12,6,0.5484644121577776,129760
10,7,12,8,1.121612211839108,129761
8,12,7,13,0.596998257690656,129762
8,4,10,12,2.1663252335667105,129764
6,10,9,5,2.0153736989574678,129765
10,11,13,10,1.6609346358962374,129767
0,8,10,9,5.488307774578742,129770
14,8,8,10,3.3212426431869346,129771
9,10,5,9,2.205571494435651,129776
4,2,2,1,1.1275000512247808,129778
14,5,12,1,1.437472434407485,129783
12,10,13,1,2.133160409333177,129784
9,13,7,3,2.5886681987343048,129785
10,8,13,6,1.7065047383366492,129789
2,12,14,11,6.581159196245041,129792
6,12,9,12,1.643979942077186,129795
7,3,9,1,1.1865843468381816,129800
12,13,10,2,2.771451554761059,129806
12,5,10,9,1.4307686233292023,129807
3,3,1,3,1.0972712089835177,129808
13,9,13,6,0.6869163035369324,129809
13,13,10,5,2.471876528108203,129813
11,4,8,10,2.1514181680779445,129819
5,13,10,8,2.981536154477634,129820
4,11,9,11,2.7402672246957915,129822
4,3,1,3,1.6459185403343914,129823
12,3,11,8,1.2726718121439475,129826
4,4,10,9,3.501887490049806,129827
8,13,9,9,1.0840237979110667,129829
13,12,9,11,2.2034985531613196,129833
12,5,12,0,1.149881049546901,129837
12,5,11,11,1.486365354210637,129839
7,11,9,11,1.0961314601259848,129842
4,5,11,8,3.907548716856631,129848
6,11,12,11,3.288443488980039,129849
12,3,13,9,1.4851680538429395,129850
11,9,12,0,2.1408002007941334,129851
11,6,13,6,1.0969367787438367,129854
6,4,8,4,1.0971814322075675,129858
8,13,7,11,0.7201762683758939,129860
11,3,10,7,1.0721889942884917,129869
11,5,10,13,1.930982156403861,129871
10,12,12,9,1.2980432237200437,129874
7,14,9,9,1.6055678489968164,129876
7,11,6,11,0.548053447508892,129885
10,11,6,11,2.1922629151148754,129886
4,9,6,12,1.306940739728203,129887
10,4,10,9,1.160105890488951,129889
8,13,6,12,1.1198840253648554,129890
11,8,6,12,2.895546323020042,129895
4,5,3,2,0.9080192211893521,129896
12,5,13,9,1.071220120927999,129898
12,3,11,11,1.9213952467206543,129902
13,12,11,10,1.1874451811127225,129904
14,6,2,9,6.613773099555113,129905
8,10,9,11,0.5955900699610096,129906
13,10,14,7,0.8773083868708095,129913
12,5,10,7,1.187419541917608,129914
10,11,13,6,2.0067822778144926,129915
14,10,12,6,1.430280496829781,129917
7,12,13,6,3.5701089378930515,129924
4,2,7,13,3.0869235788938982,129929
12,11,9,11,1.6442585982638296,129930
11,13,13,12,1.1212240738155164,129931
0,12,3,13,1.6607336465973017,129933
14,8,12,8,1.0966452150147656,129936
11,7,10,9,0.716583135283158,129937
8,4,12,10,2.603981382955218,129940
6,12,8,10,1.1932738537942342,129941
11,6,9,11,1.594509617689034,129943
5,10,2,9,1.6622837216612316,129944
12,11,11,10,0.5941873047278923,129949
7,13,13,6,3.6677254202247576,129952
14,8,10,9,2.204785652000666,129953
10,9,13,8,1.6604994260093109,129956
11,11,13,2,2.3373929821642223,129966
12,10,10,6,1.4360285371856254,129967
8,3,4,3,2.194667507786665,129969
11,13,11,11,0.4620373774559483,129970
10,5,10,9,0.9280900976586102,129972
13,5,9,10,2.475028605281518,129973
7,11,13,6,3.4856475685669075,129974
12,12,13,9,0.8810671156167645,129975
11,8,13,8,1.0966291198370777,129978
2,11,9,11,3.8363167737616677,129979
11,11,13,6,1.5877590696408923,129985
9,13,13,6,2.724542606710697,129989
4,2,6,2,1.097490164987174,129992
8,11,8,9,0.46812977482180035,129994
12,4,13,4,0.5486339629474505,129998
9,13,11,8,1.5973428550625326,129999
14,13,12,7,1.7562592418650553,130001
10,3,7,3,1.6460592639963005,130003
6,12,5,11,0.5965324661284928,130004
6,4,8,4,1.0971814322075675,130007
6,4,8,3,1.1192088587317979,130009
13,8,11,8,1.0966291198370777,130010
14,6,12,12,1.7576019587554557,130016
13,12,10,10,1.706355346871395,130018
13,10,11,8,1.1893069795363025,130020
11,6,13,4,1.1861596095921485,130022
7,12,8,5,1.7294245052466897,417535
5,11,5,13,0.4742428386403005,417536
8,12,13,11,2.7508469542632223,417540
8,14,9,12,0.7220407892225664,417546
6,9,13,8,3.8442651627474254,417549
5,4,7,4,1.0971657042628362,417552
6,12,12,11,3.297186339429801,417559
12,6,13,9,0.8815251713661891,417560
4,12,9,11,2.750696947165637,417561
8,3,8,9,1.404323518480008,417565
6,12,8,12,1.0959783940301129,417575
13,3,11,1,1.1959128848154486,417576
12,11,10,8,1.297075698822053,417577
8,2,8,3,0.23404432326272157,417580
7,2,6,5,0.8890187608384112,417583
6,12,13,5,4.16502475118052,417586
6,3,5,2,0.6008429416482677,417587
10,9,9,13,1.0806942478817463,417589
7,2,8,2,0.5487645115732054,417592
7,12,10,5,2.315752830669834,417593
11,9,13,4,1.5849467859100732,417595
8,4,7,2,0.7267084678730676,417599
10,3,9,4,0.5933358807748625,417600
7,12,10,10,1.7101224043715382,417601
5,12,11,13,3.295046559418667,417606
4,3,3,11,1.9822964476501106,417608
8,11,10,9,1.191333707867901,417609
12,12,10,12,1.096044270385705,417610
7,2,13,6,3.429625898111127,417612
14,8,13,5,0.8798283997221662,417614
11,12,14,13,1.658530456363658,417615
6,10,6,11,0.2361002867052803,417616
8,3,13,5,2.786724004729372,417624
7,9,10,9,1.6446367359441065,417625
6,2,6,5,0.7082422324604604,417629
12,12,12,5,1.6099444916050185,417634
9,1,7,2,1.1185772000872922,417635
12,10,13,3,1.6947305369999544,417637
9,10,12,11,1.6601963645033835,417640
3,5,6,12,2.344155841416891,417644
13,7,12,5,0.7172952660076894,417645
10,6,12,0,1.7572249920795229,417652
9,13,13,6,2.724542606710697,417654
10,6,10,12,1.3921674530157158,417656
5,2,11,8,3.5906047737182787,417659
9,10,8,13,0.8907694017583594,417661
12,6,14,9,1.2958513873019266,417662
4,4,6,2,1.1890674611727086,417665
5,12,8,4,2.4958807052723233,417671
12,3,8,11,2.8662146650691773,417672
4,12,10,2,4.031688431498803,417675
13,10,9,12,2.241790464905448,417678
3,2,9,5,3.3761981106609253,417679
11,6,3,13,4.681579476564561,417683
6,11,9,13,1.708075939182334,417685
6,12,8,12,1.0959783940301129,417690
6,13,5,13,0.5479103883509312,417691
13,5,5,11,4.599001480946557,417695
13,14,10,12,1.7042895394301338,417696
5,10,12,11,3.8436160568124955,417699
8,14,5,9,2.020500338609964,417700
10,7,9,5,0.7216240660718721,417706
7,11,13,11,3.2884926162555477,417707
11,11,13,6,1.5877590696408923,417708
12,12,13,5,1.6966785892053433,417711
10,2,11,2,0.5487878236843032,417714
5,2,12,2,3.841405943553464,417715
7,11,10,13,1.7073834554469738,417719
10,7,13,6,1.660087546958664,417720
7,10,5,10,1.0962394027842026,417723
11,11,13,7,1.4308872007988447,417724
4,11,9,11,2.7402672246957915,417725
4,13,12,0,5.322029592255595,417726
8,4,7,2,0.7267084678730676,417727
10,6,12,0,1.7572249920795229,417730
10,11,7,13,1.7107757058786563,417735
5,4,7,3,1.1193106214634956,417738
7,13,7,10,0.7052582231798533,417741
11,4,12,7,0.8857768733984405,417748
11,5,12,0,1.2699265800942943,417749
5,11,13,8,4.440291340964074,417751
12,0,7,10,3.57954624970025,417752
6,13,11,10,2.8302635875687803,417755
7,14,10,10,1.8939813104275582,417756
12,2,8,4,2.237552117999674,417757
10,13,7,13,1.6438056978640494,417762
8,4,7,2,0.7267084678730676,417763
8,1,5,4,1.7817298667535189,417764
10,7,11,6,0.5940270879602435,417767
10,8,7,9,1.660589787730217,417769
11,9,14,6,1.781260109006841,417777
11,13,14,13,1.6439050650596068,417782
10,13,7,3,2.8616841231241605,417786
5,11,11,11,3.288394359824626,417787
4,11,8,11,2.192197405819413,417788
11,2,12,5,0.8874810067102725,417814
8,10,6,12,1.1932738537942342,417815
13,12,8,10,2.778076374110262,417816
10,6,13,6,1.645393233967035,417818
11,11,10,11,0.5480862002766034,417820
1,2,1,7,1.2058329788144206,417822
4,9,7,3,2.163705400684883,417823
11,11,11,8,0.6930360586006598,417825
13,10,12,9,0.5941873441040808,417827
11,6,12,11,1.2771227809976717,417828
10,12,11,11,0.5957111528351801,417830
7,2,9,4,1.1987867726910038,417831
12,5,7,9,2.8906479104502973,417837
10,6,12,1,1.5840922136881606,417845
7,11,8,13,0.7201762683758939,417846
6,11,8,4,1.9726349197350026,417849
12,14,7,12,2.776145354474781,417850
10,7,9,4,0.8908887621994462,417854
7,11,7,14,0.7052665227413345,417856
10,7,13,6,1.660087546958664,417857
13,9,10,9,1.6447095890047405,417859
12,6,14,5,1.11914302394053,417863
9,1,12,2,1.6661938446164926,417866
7,12,1,8,3.425289082442504,417868
5,11,7,14,1.3026090959724397,417871
13,10,14,4,1.4744695929461886,417872
7,3,11,9,2.6101594538830204,417873
5,12,14,6,5.12541253800835,417878
1,11,12,8,6.069855860208033,417882
11,5,10,1,1.0822441724492489,417884
5,3,10,6,2.8389180866879893,417885
5,2,7,11,2.3984928672510617,417887
9,4,8,1,0.896015575494228,417891
8,12,6,10,1.192121089844807,417892
4,12,6,12,1.0959454520700593,417899
12,13,6,13,3.287636221691504,417900
8,10,9,13,0.8883266478485601,417901
10,7,11,9,0.7187346286352827,417902
6,12,7,10,0.7231694761369315,417911
6,11,4,9,1.194961116338309,417914
13,5,13,12,1.602823037654985,417915
7,10,10,5,2.012810313706669,417916
11,11,14,6,2.0042490053313564,417925
6,13,4,10,1.3057006519891072,417927
13,4,7,11,3.6629989220751233,417929
7,11,5,11,1.0960987054786815,417932
7,13,10,2,3.0440059749123884,417936
8,4,6,2,1.1997503623935317,417941
6,11,4,10,1.1215831261612288,417943
9,13,10,8,1.2860694262607675,417945
12,10,12,5,1.1499471360436992,417946
2,9,4,9,1.0963354346372594,417950
4,9,8,2,2.734183816441106,417951
7,2,11,5,2.3112913192761475,417957
12,1,6,9,3.767428873684494,417959
14,8,14,5,0.6838563325678488,417961
13,11,13,6,1.144873599826912,417964
5,4,10,7,2.837244694129143,417966
11,7,7,13,2.600711302390703,417968
8,11,7,12,0.5966518493749421,417971
14,6,12,5,1.122198283000338,417974
1,12,1,8,0.9647305915841677,417975
5,2,8,3,1.6663803557502546,417976
5,11,10,11,2.740308168007114,417980
6,11,7,13,0.7216220812115134,417981
12,8,13,2,1.4780407571654914,417982
4,10,7,12,1.7105236574004874,417983
10,12,11,8,1.0765050521659356,417985
6,12,14,12,4.38411115735114,417989
12,10,11,7,0.8832233907086119,417990
11,14,9,13,1.1184998909665522,417992
12,5,6,13,3.7781423132639884,417997
12,0,13,3,0.8866311545110894,417998
13,12,12,5,1.6980709808226155,418000
10,8,9,4,1.0831631297884854,418003
13,8,13,6,0.45794158346506797,418006
3,10,6,11,1.6614195480655416,418013
6,11,8,11,1.0961150831171302,418014
5,12,11,3,3.8978135314669737,418017
2,11,6,11,2.192131891518943,418019
6,11,9,12,1.6601603362534687,418022
10,12,9,12,0.5480097842903712,418023
7,12,13,6,3.5701089378930515,418025
12,0,10,7,1.9438274525630936,418026
8,1,12,8,2.742762947214562,418028
5,11,9,12,2.204129292586547,418029
10,12,13,9,1.7851860344240096,418030
4,2,13,9,5.2131689804609564,418031
12,4,13,5,0.596532393375285,418034
7,12,8,12,0.5479933148846392,418037
12,1,10,9,2.1410652445923293,418041
5,11,13,3,4.757217552787159,418042
1,5,5,2,2.2989451292480547,418045
5,12,6,13,0.59606054602548,418047
1,2,5,2,2.1949181477309376,418048
9,4,8,11,1.7218903367882428,418051
11,11,13,9,1.1894794316676816,418052
10,12,6,11,2.203970767405925,418055
10,10,13,4,2.1444037507518092,418056
4,2,12,11,4.879586231983901,418059
13,14,9,13,2.2021030116919467,418060
9,1,13,2,2.210929871178268,418061
13,10,10,10,1.644493439460712,418063
13,12,13,5,1.602823037654985,418065
7,13,10,11,1.7107757058786563,418066
8,9,6,3,1.7937361021454208,418068
14,6,8,10,3.4146059261914843,418071
6,12,10,8,2.3839155033773864,418074
9,13,13,5,2.8664530490690954,418075
4,4,6,3,1.119413176100804,418076
11,10,12,1,2.141805921867677,418079
10,4,9,11,1.7153380890784602,418080
6,3,3,3,1.645965451754712,418084
6,11,4,5,1.8005819866163657,418085
6,9,10,8,2.2047317989936843,418086
4,11,6,9,1.1938465065274528,418091
11,1,11,6,1.1549800612896868,418103
12,5,11,1,1.078567077804116,418106
9,11,9,10,0.23304913811562003,418107
8,11,9,11,0.54806982451862,418108
10,6,10,1,1.1600655032944291,418111
6,11,8,12,1.120450077150978,418112
9,4,7,3,1.1248124637940387,418114
14,9,7,3,4.091654467435151,418117
13,14,13,8,1.3738876026015474,418118
7,13,6,12,0.5955900519473435,418121
9,5,10,10,1.2876367295235012,418125
11,11,13,6,1.5877590696408923,418126
12,0,7,9,3.4333159006733096,418127
10,7,9,9,0.717755963278808,418131
11,4,8,4,1.645831122651378,418133
5,12,4,11,0.597005819526677,418135
10,6,6,9,2.2996518973481734,418136
10,13,7,13,1.6438056978640494,418137
12,10,13,7,0.8795243641687479,418144
11,12,9,13,1.1214524744672485,418146
13,0,7,11,4.148571686370265,418147
10,9,8,10,1.1206803376908936,418148
7,10,9,11,1.1207393581348841,418151
7,12,6,11,0.5960605453046238,418154
13,3,7,10,3.6606494626536215,418157
7,2,8,3,0.5998751438114431,418158
8,4,12,10,2.603981382955218,418159
8,13,9,11,0.7214171303918685,418163
6,4,8,3,1.1192088587317979,418164
12,5,11,1,1.078567077804116,418168
5,2,11,9,3.688859024495472,418170
5,2,11,7,3.5048380934502066,418171
12,7,12,1,1.3798810504645773,418172
9,12,12,11,1.6611959262054439,418173
7,3,6,5,0.7188115508032061,418174
8,4,14,6,3.327403874052752,418176
7,4,9,11,1.9760181532059438,418184
3,12,12,6,5.127591310882044,418188
5,11,4,9,0.725977591293822,418191
12,1,4,5,4.475896144771344,418192
3,3,11,3,4.3893975175216715,418196
8,2,6,3,1.1189398289809773,418197
5,2,10,7,2.994565439939663,418199
13,6,9,2,2.3899215293297265,418200
11,7,12,5,0.7141892270317307,418201
4,3,6,10,1.996577909400878,418202
11,5,13,10,1.5917808586501734,418207
3,5,6,4,1.659867182912521,418208
4,4,14,5,5.492975116753909,418213
3,2,7,2,2.194980325055861,418214
14,10,14,6,0.9118240118394674,418219
14,14,10,6,2.8605586300872967,418220
4,9,6,11,1.194961116338309,418221
12,5,10,9,1.4307686233292023,418222
10,5,11,9,1.078566008560444,418224
12,13,12,5,1.8399471334788564,418225
9,4,12,0,1.8772864249770733,418230
7,12,10,10,1.7101224043715382,418236
13,8,11,3,1.5949660121939266,418237
5,10,8,4,2.162020495019191,418238
11,5,13,6,1.1224829739247735,418240
9,3,7,3,1.0973650265224946,418242
11,11,12,5,1.486365354210637,418243
11,10,6,2,3.3298538060083,418248
6,10,9,11,1.6608048207518276,418249
8,10,10,12,1.1902420526678292,418253
11,12,6,11,2.7494544634044784,418254
8,2,7,2,0.5487645115732054,418255
11,3,13,6,1.3013736394851494,418256
13,5,12,12,1.6966785892053433,418258
13,11,14,11,0.5481107615629428,418259
13,6,12,12,1.4818397469318616,418260
5,9,7,10,1.1218758722527225,418261
5,13,7,10,1.3061232130354294,418263
6,2,6,12,2.3609051441978233,418264
3,2,2,2,0.54872565220554,418266
3,13,1,10,1.3112984025778283,418267
11,5,12,12,1.7050061974292876,418269
9,10,8,12,0.7207944570897796,418270
11,6,12,1,1.2708414275029118,418272
13,11,11,10,1.1196275860558682,418274
4,5,11,8,3.907548716856631,418275
11,8,13,2,1.7558740958799344,418277
12,9,14,8,1.1199636853240407,418279
5,11,6,11,0.5480452585351874,418281
5,11,3,10,1.121866270174992,418283
13,6,12,12,1.4818397469318616,418285
5,11,7,10,1.1213126256213712,418286
12,13,9,11,1.7060054474345998,418288
6,12,9,11,1.6613037619933586,418289
5,11,13,6,4.535176368384752,418291
7,11,12,11,2.7403900499315172,418299
9,8,11,6,1.1886920229185653,418300
6,4,11,9,2.987402280285952,418301
12,3,10,3,1.0974119273363327,418309
13,8,12,13,1.2728497055669776,418310
7,5,4,4,1.6652209326269614,418319
11,11,10,4,1.7129291956609731,418320
8,1,11,6,2.026425007054337,418324
12,3,7,3,2.7434711831744227,418327
5,11,10,8,2.8288392682903205,418329
5,13,10,12,2.7508406061948714,418337
5,2,6,5,0.9028664455939565,418338
6,13,10,13,2.191724364829205,418339
12,3,13,5,0.718735898472333,418341
5,2,3,2,1.0974746209496753,418342
10,13,13,11,1.7096646083276785,418343
13,4,9,3,2.209383340518318,418345
3,11,7,3,2.8898107441726,418346
11,11,12,5,1.486365354210637,418355
8,11,12,11,2.1923284193994323,418356
7,12,5,12,1.095961923367032,418357
14,14,12,11,1.2897665587642633,418360
13,6,11,6,1.0969367787438367,418361
10,5,6,12,2.7334733020622735,418369
11,12,9,11,1.1196174631159443,418371
10,6,5,9,2.8269768243687046,418376
7,11,7,3,1.8805889896925256,418381
12,10,11,9,0.5946534752431142,418383
13,6,9,9,2.297745821741583,418384
11,5,11,9,0.9240214001219064,418385
5,4,2,8,1.89429772583207,418389
3,2,6,4,1.7198780875707071,418392
5,10,14,6,5.018425583931704,418393
8,1,7,3,0.7164034536731485,418396
4,9,6,9,1.0963678211768666,418398
12,13,10,7,1.7664444631889993,418400
7,10,6,5,1.301992635626714,418403
6,12,4,13,1.1220372507597811,418404
6,4,7,4,0.5485867844665744,418414
13,5,14,0,1.261145223321205,418417
10,4,9,11,1.7153380890784602,418422
10,14,8,11,1.2970766327342598,418424
11,13,6,13,2.7396761544621806,418426
5,11,2,5,2.1866875524543734,418427
7,11,10,11,1.6442094709908706,418428
10,8,12,0,2.1393422999153153,418431
8,11,7,11,0.5480616361727437,418433
8,3,7,9,1.5064007975803755,418437
11,11,9,13,1.1920762051719997,418438
12,13,13,12,0.5954298240060735,418439
1,6,7,3,3.3593844849304317,418440
6,10,11,10,2.7407002719679032,418442
4,2,9,2,2.7437836891174885,418446
7,3,4,2,1.6666008375553707,418450
5,4,11,7,3.37089335161908,418451
2,5,6,4,2.204138183730979,418454
5,11,7,10,1.1213126256213712,418456
6,4,9,3,1.6595994711400461,418460
13,8,10,4,1.8912698746172696,418461
8,10,8,5,1.170290163481109,418466
7,12,13,6,3.5701089378930515,418472
5,2,8,2,1.6462702183891167,418474
4,11,9,12,2.7497123932099554,418475
10,8,10,11,0.6960877659893554,418478
7,2,5,2,1.0975057084414634,418479
7,3,6,9,1.5118952626943953,418481
11,3,8,10,2.307110335789688,418483
4,4,6,2,1.1890674611727086,418484
5,13,12,5,4.264993533958783,418485
6,12,7,2,2.4153736167715176,418486
8,3,12,5,2.247868840096634,418487
5,2,10,7,2.994565439939663,418488
2,2,10,3,4.399572974301281,418489
8,2,9,5,0.8951598418356613,418491
11,11,14,10,1.6609019715535644,418494
7,12,6,10,0.7223464102041481,418495
9,10,14,5,2.9702820062984587,418497
5,2,6,10,1.9751715670489873,418501
5,14,14,11,4.984402013239223,418505
8,11,9,11,0.54806982451862,418521
6,10,10,9,2.20488075990077,418522
12,6,13,5,0.5930942272818236,418524
14,9,11,5,1.8872759907998582,418525
7,3,8,4,0.599393419225008,418531
12,7,11,9,0.7154139102444527,418535
10,11,10,2,2.088190596303528,418536
7,11,10,11,1.6442094709908706,418539
8,11,5,11,1.6441603399594864,418542
12,11,12,0,2.5298255312530586,418543
11,7,10,6,0.5965324143220728,418549
5,12,8,12,1.6439552365516814,418558
3,4,6,4,1.6457131652976162,418565
14,6,12,12,1.7576019587554557,418566
10,4,13,9,2.0139470217370774,418567
8,11,14,9,3.321679629414383,418568
12,8,6,4,3.4267529406438006,418573
10,4,11,5,0.5974803970455639,418575
11,5,12,6,0.5965324038632513,418580
5,11,5,10,0.23711719431632558,418582
11,11,6,5,3.0835337473686137,418584
6,11,8,11,1.0961150831171302,418588
12,5,6,10,3.4852219156447855,418591
5,11,6,11,0.5480452585351874,418592
7,11,5,9,1.1940115798876185,418595
5,9,4,4,1.3125314337301432,418597
3,10,2,2,1.9991807226653109,418599
14,9,1,11,7.140968130324002,418600
12,4,11,7,0.8794300834227,418601
8,11,12,12,2.2036553974461803,418602
7,12,6,11,0.5960605453046238,418604
7,2,10,4,1.7169732355910423,418605
9,10,12,6,1.885220559728999,418606
8,12,11,9,1.7870450282388042,418607
7,2,11,6,2.3937363231942967,418608
5,11,4,11,0.5480370692470344,418611
12,7,12,5,0.45997092480596125,418612
14,5,13,5,0.5485600972765889,418614
6,13,12,6,3.6702946483869705,418615
8,10,12,11,2.2043665881634302,418617
8,11,12,11,2.1923284193994323,418618
13,12,5,5,4.683627416597272,418620
4,9,9,11,2.781170499414236,418621
12,0,6,5,3.4770961653202637,418624
0,10,6,10,3.2885716148006443,418625
5,11,9,11,2.1922301610917905,418626
9,4,11,3,1.1189083267417232,418627
3,2,5,2,1.0974746209496753,418628
8,5,14,5,3.291241933320375,418630
8,13,9,4,2.170786074970862,418634
8,3,6,3,1.0973493917395136,418636
7,10,6,12,0.7231694761369315,418638
14,7,12,12,1.5858012498889336,418639
14,8,11,10,1.7073964494595746,418644
8,10,6,10,1.0962556874421776,418651
3,3,1,3,1.0972712089835177,418655
8,5,12,11,2.601517809834042,418656
6,14,6,13,0.23610866130540198,418659
1,11,6,11,2.7401443853842236,418662
8,13,10,3,2.571958684565004,418663
11,6,8,5,1.6636847603011984,418667
13,5,9,11,2.5911439098841167,418669
13,11,13,9,0.4579572972508051,418675
4,10,9,11,2.7505013543294154,418680
13,12,12,14,0.7173178535441428,418681
13,11,10,8,1.7839604252665995,418682
1,13,2,10,0.9065666171148149,418683
11,11,10,8,0.8849230490086281,418691
8,10,6,12,1.1932738537942342,418692
10,6,8,2,1.4475980128655557,418694
6,2,6,9,1.6526042918073416,418695
11,6,13,6,1.0969367787438367,418700
12,8,13,9,0.5946535044307466,418706
4,11,13,6,5.067316808900254,418711
11,11,13,6,1.5877590696408923,418712
6,10,6,2,1.888701784909235,418714
8,12,9,4,1.945201997124462,418715
13,4,14,12,1.9091965848843429,418724
4,11,11,11,3.8364314172220757,418727
12,7,6,9,3.3209342528321475,418728
11,9,8,4,2.0205004239462414,418730
6,11,7,11,0.548053447508892,418731
7,11,9,10,1.1210850143576143,418734
6,12,5,11,0.5965324661284928,418741
10,6,7,5,1.6638973469404452,418748
6,12,8,10,1.1932738537942342,418749
9,12,6,11,1.6601603362534687,418754
12,7,9,13,2.153447870534806,418757
10,8,12,5,1.294096529699068,418759
9,2,5,3,2.2039794649954203,418763
12,1,7,9,3.299976288465911,418764
11,10,11,6,0.9240320713200639,418766
10,4,13,9,2.0139470217370774,418773
12,11,11,11,0.5480943876869492,418778
10,12,11,5,1.709765396550849,418779
11,11,13,9,1.1894794316676816,418781
11,12,10,11,0.5941872654716088,418786
5,12,4,9,0.8994324860569486,418787
7,12,5,12,1.095961923367032,418789
12,12,12,8,0.9199841422077872,418790
12,11,7,12,2.750809065082407,418791
12,10,12,6,0.9199629959650583,418792
7,11,12,11,2.7403900499315172,418794
7,11,10,8,1.7869562566945547,418795
6,12,8,13,1.1198840253648554,418796
13,10,6,2,4.278099344565749,418797
9,2,12,11,2.662435768687181,418799
10,11,10,6,1.1601328141304719,418805
11,9,12,7,0.7154139102444527,418807
14,12,13,6,1.4763835041295512,418808
14,5,13,3,0.7172958858242389,418809
6,2,11,4,2.788988539278927,418810
6,13,9,12,1.661543029878666,418812
7,10,13,8,3.3213041567452155,418815
8,12,6,12,1.0959783940301129,418816
13,13,10,6,2.3037525614324297,418820
10,3,7,10,2.311659369081862,418825
9,4,6,3,1.6654717286874958,418828
7,13,12,11,2.781140277524956,418831
2,11,11,10,4.938466844005903,418832
14,10,10,9,2.2047640491568163,418835
5,2,13,6,4.496898423701649,418839
9,5,8,10,1.2877262621499583,418840
5,9,2,9,1.6445152956640976,418842
3,12,6,12,1.6439058226630026,418845
13,6,11,5,1.1224829739247735,418846
4,12,11,6,4.084394215164709,418847
3,2,7,3,2.211212110420984,418848
11,6,12,3,0.878659623719341,418850
10,4,6,9,2.479207132156641,418851
9,1,13,6,2.4915878783344585,418853
11,11,10,5,1.4949467253670647,418854
14,12,2,8,6.6441064731771355,418856
5,10,7,3,1.9765520989833847,418857
14,14,13,10,1.0629682596270447,418865
13,12,10,11,1.6593583033749035,418867
2,9,8,2,3.6710601881319436,418868
12,5,11,8,0.8802011284506422,418869
8,10,10,9,1.1206803376908936,418873
6,11,10,11,2.1922629151148754,418881
4,11,10,9,3.3219459103265887,418883
10,12,13,6,2.1480838677970553,418886
10,5,8,10,1.5964794961547566,418894
5,2,13,6,4.496898423701649,418896
5,13,10,9,2.897845253335898,418898
10,7,6,2,2.497685574021636,418899
9,12,7,5,1.9742322473761833,418901
12,12,13,6,1.4818397469318616,418904
4,10,8,3,2.7364447605373674,418907
11,8,7,3,2.4926956944087406,418909
13,6,11,12,1.7620402665594006,418912
11,10,10,9,0.5951210548409619,418914
13,10,10,10,1.644493439460712,418919
11,12,14,8,1.8845624439563962,418920
9,3,7,2,1.1254083724869648,418923
10,10,10,12,0.4640665875019122,418924
13,12,13,9,0.6869398740198501,418925
1,11,11,9,5.501066876515381,418934
11,11,12,11,0.5480943876869492,418936
7,9,8,12,0.8917381277536666,418938
8,1,7,3,0.7164034536731485,418949
8,1,4,9,2.880086807208369,418952
9,4,6,3,1.6654717286874958,418953
12,5,7,10,2.9733331036885073,418957
12,3,12,10,1.6099074847395947,418960
13,7,10,9,1.7071257437553693,418961
7,10,6,11,0.5966219480289686,418963
6,2,6,9,1.6526042918073416,418969
13,14,13,12,0.4579730102393512,418970
12,5,12,0,1.149881049546901,418972
13,9,10,4,2.0139470217370774,418975
13,14,12,5,2.136600957873766,418976
7,10,13,8,3.3213041567452155,418980
10,5,10,2,0.6960393026046076,418983
14,3,12,5,1.1849122664608573,418985
6,3,8,4,1.125105463688293,418991
5,2,9,4,2.2508077435217726,418995
8,3,11,11,2.489853293826231,418996
12,6,13,6,0.5484723671375905,418998
7,11,9,11,1.0961314601259848,419002
12,7,10,5,1.193064818173846,419005
6,11,6,1,2.360877226179814,419006
10,11,13,9,1.7083842189009166,419008
2,5,3,11,1.5419258526253208,419009
13,7,2,4,6.080291446780749,419012
11,10,10,7,0.8857745539257077,419013
6,11,4,5,1.8005819866163657,419014
0,11,3,11,1.6440374959629207,419015
12,7,5,3,3.9602161787154118,419017
10,13,10,10,0.6961039193451245,419018
10,6,7,10,1.8885627592153724,419020
10,7,7,9,1.7081952959577005,419022
11,11,12,11,0.5480943876869492,419024
5,13,3,13,1.095795928774214,419025
6,12,12,5,3.6679165012725163,419028
9,13,5,12,2.203419546536754,419029
11,7,13,9,1.1902421667812406,419032
10,6,14,5,2.204406646666057,419033
2,12,2,5,1.681131906003197,419035
10,6,10,11,1.1601328141304719,419039
3,5,1,5,1.0969382658830482,419043
5,2,14,5,4.9951139622490945,419044
6,10,9,11,1.6608048207518276,419046
13,6,11,6,1.0969367787438367,419048
9,12,7,10,1.1911801308285859,419051
4,11,6,11,1.0960823272176994,419052
9,11,11,11,1.096164212268364,419057
9,10,7,10,1.096271971478738,419059
4,10,9,12,2.779947213736545,419061
13,5,13,10,1.1448605048933855,419064
2,5,1,5,0.5484651773997786,419072
7,13,6,11,0.7216220812115134,419074
9,12,6,11,1.6601603362534687,419075
13,6,10,7,1.660087546958664,419078
13,5,12,0,1.2780727741962317,419080
8,4,8,12,1.8724752246707528,419085
13,11,6,11,3.836546051920158,419087
13,10,10,10,1.644493439460712,419090
13,8,11,6,1.191180203445172,419093
6,4,6,12,1.8887464533471392,419095
8,5,7,3,0.7259797540359635,419096
9,1,9,9,1.8642735489244708,419098
7,4,7,6,0.4701361818184783,419099
11,6,13,6,1.0969367787438367,419100
8,12,9,11,0.5963368432703349,419101
12,11,14,6,1.5843965523428065,419102
12,8,13,6,0.7136374315677887,419103
9,5,6,4,1.6647884141861171,419104
13,9,11,9,1.096481154641529,419107
10,7,7,10,1.7859363785420341,419109
11,14,12,9,1.2781684528300807,419113
10,13,6,11,2.2397780486817505,419117
8,12,6,3,2.38812876399563,419119
4,5,12,10,4.545540272412612,419122
1,11,6,11,2.7401443853842236,419124
3,12,6,9,1.7917682289534873,419125
13,5,10,11,2.146242294788008,419128
4,2,5,2,0.548741196829614,419130
7,11,7,10,0.23508330793365886,419132
13,12,10,10,1.706355346871395,419134
12,9,10,9,1.0964649659972974,419135
10,10,10,6,0.9281008671156488,419136
7,11,13,6,3.4856475685669075,419137
6,11,3,13,1.7122863538695492,419139
10,9,10,5,0.9280900976586102,419140
3,9,1,3,1.8194748896382484,419143
12,5,10,3,1.1949607645535545,419144
12,3,13,12,2.138594580138426,419147
13,5,11,5,1.0970964686781322,419149
7,13,14,14,3.840717732850395,419150
5,14,5,10,0.9484856766098192,419151
7,14,6,11,0.8925901896284744,419152
13,5,12,10,1.2701044264680363,419154
3,11,8,12,2.749842068463871,419157
8,1,7,4,0.8860077873820944,419158
8,11,6,12,1.1214978125934032,419159
10,7,12,9,1.1911801852076458,419165
8,10,6,12,1.1932738537942342,419169
12,8,13,7,0.5937533159125032,419171
6,2,6,9,1.6526042918073416,419172
5,2,7,3,1.1259989048615358,419174
5,9,13,6,4.4388506489518615,419176
8,3,7,3,0.5486786049118588,419177
7,11,11,9,2.2416518830437706,419179
13,8,12,5,0.8823752559951085,419181
9,4,10,8,1.0831631297884854,419182
5,12,13,6,4.600959807396264,419183
10,3,14,5,2.2467135570097727,419188
6,11,4,10,1.1215831261612288,419189
14,8,6,9,4.391693361384606,419193
4,5,3,2,0.9080192211893521,419194
6,10,5,11,0.5969382673587631,419198
4,3,4,12,2.143129528674347,419200
8,3,14,5,3.3287513660420025,419201
10,10,5,10,2.7406595626552424,419203
7,11,12,11,2.7403900499315172,419206
7,11,10,8,1.7869562566945547,419207
12,7,11,12,1.276335328326269,419208
10,5,7,10,2.012810313706669,419209
4,3,7,4,1.6659081283266306,419210
13,14,5,2,5.210431281575647,419213
12,5,6,10,3.4852219156447855,419215
6,12,9,12,1.643979942077186,419216
5,4,10,9,2.98978308678907,419217
10,11,10,9,0.46406120305071324,419218
5,5,6,12,1.7466442268748337,419221
11,6,12,1,1.2708414275029118,419225
8,12,7,10,0.7208991330018291,419226
7,4,8,3,0.5939392852888418,419227
2,11,10,11,4.3843947705214275,419228
9,13,10,12,0.5963665618105398,419230
5,13,7,11,1.194602484833219,419235
11,7,11,8,0.2310066841292373,419239
9,3,5,3,2.194698778532916,419240
9,10,7,11,1.1210850143576143,419242
10,13,13,9,1.8875679419691287,419245
10,6,6,9,2.2996518973481734,419246
5,4,6,9,1.3077392844637912,419249
11,7,9,10,1.2974601593698263,419250
10,12,9,11,0.5946534171348689,419252
12,5,11,5,0.5485442802934953,419256
10,3,9,5,0.7152949371735277,419259
6,13,9,13,1.643780853680099,419264
5,12,6,3,2.1957674092622526,419265
12,13,13,6,1.6976527932178178,419266
12,12,13,9,0.8810671156167645,419272
4,5,7,3,1.7067493440007975,419273
4,12,6,12,1.0959454520700593,419276
6,2,13,1,3.8451556196201038,419277
14,10,12,2,2.140605832462753,419281
7,1,9,4,1.3112961707020523,419283
5,12,4,13,0.5979565522076893,419284
13,6,8,10,2.8910296440297434,419286
5,2,10,6,2.909364332518242,419289
7,12,6,10,0.7223464102041481,419292
3,5,6,2,1.7845661050273625,419293
9,11,6,9,1.710178990077764,419295
5,2,12,9,4.185696052504967,419298
10,12,8,9,1.2995296677402788,419299
9,4,12,6,1.7133821130002709,419304
6,12,5,11,0.5965324661284928,419305
4,11,11,11,3.8364314172220757,419306
9,12,14,6,3.069352931172007,419307
12,8,14,5,1.2913367111770921,419311
13,9,14,6,0.8765396129729447,419313
11,5,9,5,1.0970648329096855,419314
4,4,8,4,2.1943314035568546,419315
13,6,11,1,1.5981553434919105,419319
3,12,0,13,1.6617828671012989,419320
9,3,9,10,1.6312678864979395,419322
11,4,11,7,0.6930040450077469,419323
5,12,11,10,3.322337121350935,419325
12,11,10,6,1.5941659937347754,419326
12,13,14,6,1.942637971014464,419331
9,11,10,8,0.8869760804929422,419333
5,13,7,11,1.194602484833219,419335
11,14,6,13,2.747913654113904,419336
12,10,12,1,2.069857257415444,419338
7,12,12,5,3.1846782533449924,419339
11,4,11,9,1.155020079989947,419340
10,6,14,6,2.1938735524750963,419345
12,5,13,6,0.5960605409438585,419347
11,3,7,3,2.1947613164930853,419348
12,10,12,0,2.299828177470985,419349
6,12,7,13,0.5955900519473435,419351
4,12,8,1,3.3867514753105543,419356
10,6,12,11,1.5941659937347754,419357
12,11,8,4,2.7346672458874757,419362
9,11,6,11,1.6441849059433074,419363
9,14,9,10,0.9322128528651523,419365
9,11,8,13,0.7214171303918685,419367
12,12,10,9,1.2958523438301073,419369
14,5,9,10,2.9702820062984587,419370
10,11,11,10,0.5953710652842563,419371
12,8,13,6,0.7136374315677887,419374
9,10,7,10,1.096271971478738,419377
8,11,6,14,1.3057063115867713,419379
11,1,14,6,2.0165646421211423,419382
7,11,10,11,1.6442094709908706,419383
6,11,8,10,1.1211984262103847,419385
10,13,10,7,1.3921836066481703,419390
5,12,8,10,1.7108666650366282,419392
8,4,11,7,1.792441279732798,419393
6,4,7,2,0.7181929537337212,419395
7,10,13,6,3.415316864995515,419396
7,14,10,8,2.1623839442761414,419398
14,10,14,4,1.367720447582644,419402
9,11,11,10,1.1208605553135171,419407
5,4,2,3,1.6663472826732773,419413
4,10,6,11,1.1215831261612288,419414
12,5,3,4,4.945069184326088,419419
14,7,10,11,2.3776180989007845,419420
7,14,6,12,0.720898489020281,419422
14,12,14,6,1.3677515847115136,419429
11,7,10,2,1.2857211775136022,419430
7,13,6,10,0.8934448326033668,419431
12,10,13,6,1.0681499694618304,419432
6,4,4,4,1.097149975724903,419433
7,12,8,12,0.5479933148846392,419435
13,14,10,9,2.0041758278012547,419436
11,6,11,9,0.6930200520786332,419438
13,6,10,2,1.8947075621536837,419442
9,11,11,9,1.1907127187474371,419443
3,2,10,5,3.913915481476852,419444
5,10,7,10,1.0962394027842026,419446
14,12,14,9,0.6838874694350596,419447
12,5,11,7,0.7141892270317307,419450
12,11,13,10,0.5947542992173428,419455
6,2,10,4,2.2502199423873166,419456
11,2,13,10,2.1479474190356247,419457
7,12,12,11,2.750809065082407,419459
13,13,10,8,2.0061243609635415,419460
11,10,8,4,2.1627012972033093,419461
11,3,10,9,1.4899419089332713,419463
9,12,6,11,1.6601603362534687,419467
6,13,3,3,2.896971678779306,419469
9,11,12,11,1.6442585982638296,419472
13,5,10,2,1.792441102487159,419473
6,2,4,2,1.097490164987174,419474
10,5,7,5,1.645561655202706,419475
5,11,6,4,1.7415695141317573,419478
7,13,5,13,1.0958290581599437,419479
13,6,12,5,0.5960605409438585,419480
6,12,1,13,2.7507004876551795,419481
5,10,7,10,1.0962394027842026,419482
7,12,3,3,3.0692203700307212,419483
11,7,13,6,1.1195151261058025,419485
9,2,10,8,1.5037390618212014,419486
5,12,10,13,2.7488058938237194,419487
11,10,5,10,3.288815893973984,419495
8,12,7,13,0.596998257690656,419496
9,12,8,12,0.548001549747211,419497
9,4,12,0,1.8772864249770733,419498
8,1,6,5,1.4352113040144645,419501
11,10,5,9,3.2976139585741153,419506
13,6,13,12,1.3738561758276704,419508
4,12,9,4,3.3196935480781584,419509
10,12,12,3,2.3468922261345937,419510
11,12,8,12,1.644029350289518,419512
12,4,13,7,0.883225707155187,419514
6,2,5,9,1.739610396132192,419515
3,13,2,13,0.5478855403570086,419517
4,11,1,10,1.6618328445162591,419518
5,11,13,8,4.440291340964074,419520
10,11,12,11,1.096180587400138,419525
13,8,10,3,2.0159097759471902,419530
12,5,8,4,2.208792452094591,419532
3,12,7,13,2.2037341899846377,419534
10,6,12,5,1.1193449543288274,419537
5,11,7,9,1.193213991566089,419540
10,12,9,11,0.5946534171348689,419541
10,11,13,13,1.7053199301110116,419542
8,9,13,13,2.8903779176664415,419543
9,11,13,12,2.2034985531613196,419544
7,3,9,11,2.1755280878664647,419545
8,11,11,9,1.7091090232405985,419546
13,13,11,8,1.5870110196034595,419548
14,10,11,9,1.6604344709686616,419553
4,5,4,12,1.6668984201719808,419554
11,4,14,5,1.6637192114022656,419557
2,11,4,11,1.0960495688182104,419558
3,12,1,7,1.628618962874973,419563
3,11,5,11,1.0960659483281676,419566
8,10,3,9,2.7514337466413368,419567
11,11,14,6,2.0042490053313564,419569
6,11,7,3,1.9594329223203633,419570
12,5,11,10,1.2745031135932705,419575
8,11,13,11,2.740430988542514,419576
10,5,8,10,1.5964794961547566,419577
4,4,4,11,1.6668785254695382,419578
10,4,13,6,1.712672861713689,419581
12,6,14,8,1.1902422050556412,419583
10,8,13,6,1.7065047383366492,419586
12,10,11,1,2.1496373631296306,419588
6,11,6,3,1.8887241193235815,419594
10,11,12,11,1.096180587400138,419596
9,13,13,9,2.3815435177079904,419604
13,11,13,14,0.6869555870070337,419609
13,9,7,5,3.423203352833858,419616
12,11,11,7,1.0730550000112777,419617
8,4,11,6,1.7140936563952567,419618
8,11,10,10,1.1209723905571938,419619
10,10,13,9,1.6607141155402332,419621
6,11,8,13,1.1911801128138633,419622
13,6,14,11,1.2675734173014803,419624
13,6,13,2,0.9158517371594159,419625
3,5,10,3,3.8632558790683365,419626
9,1,14,5,2.9048681472208986,419631
4,10,5,11,0.5974805726666645,419632
10,5,10,11,1.3921512991068665,419635
12,5,13,1,1.0638512768333395,419636
7,11,11,6,2.480619284297092,419637
9,13,12,11,1.710032885481266,419639
4,12,11,9,3.9010766915105948,419640
12,1,12,6,1.149894267295376,419643
9,11,13,11,2.1923611696627017,419644
8,12,10,11,1.1212682310756779,419648
4,10,4,2,1.9049699214539524,419649
14,3,11,7,1.8779523164646437,419653
6,2,7,3,0.6003583412186361,419655
12,11,13,6,1.271019289715526,419662
7,12,13,6,3.5701089378930515,419663
2,2,12,7,5.62255583591398,419664
12,13,10,13,1.0959118705164321,419665
10,8,13,6,1.7065047383366492,419669
11,11,13,9,1.1894794316676816,419673
11,10,10,9,0.5951210548409619,419674
11,11,14,10,1.6609019715535644,419676
12,5,7,10,2.9733331036885073,419681
3,13,8,12,2.750770031341024,419692
12,3,9,1,1.7166180195201215,419693
8,2,8,5,0.7021411956033818,419695
7,12,8,12,0.5479933148846392,419696
10,12,12,11,1.1210418009266718,419701
9,12,13,13,2.202796987876781,419703
10,3,13,6,1.7910170408673078,419704
12,6,10,5,1.1227686065632283,419705
7,12,12,10,2.7806093104077227,419707
10,5,6,10,2.4808958016927787,419708
8,9,6,2,1.9858450646284207,419713
6,10,7,3,1.7340272721205419,419715
8,14,14,6,3.774127216502531,419716
7,11,14,6,4.006312408139224,419717
6,5,9,5,1.6455379256799845,419718
6,5,6,9,0.9443620623049274,419719
10,5,9,2,0.8925971053910687,419720
9,2,13,6,2.3899215293297265,419721
12,10,13,8,0.7148601978322567,419723
4,5,12,8,4.447726001216647,419726
12,5,6,9,3.414772629932052,419727
13,8,11,6,1.191180203445172,419728
10,6,11,13,1.7109562748818852,419729
8,2,9,9,1.7287796329928493,419730
9,12,13,10,2.241790464905448,419733
13,9,12,0,2.141584979605118,419734
4,11,13,12,4.9371854372351045,419735
10,5,12,2,1.2911641555995257,419736
13,10,7,12,3.3221968859030384,419737
7,10,10,10,1.644420168295752,419738
9,9,4,2,3.212976574371378,419744
12,5,11,1,1.078567077804116,419745
10,4,13,6,1.712672861713689,419746
8,12,11,7,2.013499479372321,419749
7,12,7,9,0.7052499234759017,419750
6,4,6,3,0.23608074426556377,419753
9,13,5,13,2.1916912386159186,419755
9,9,12,0,2.642635142361889,419758
12,13,10,3,2.5599775975446453,419759
12,11,13,9,0.71547310011741,419760
10,5,12,13,2.1497821487617297,419761
4,4,2,5,1.1199006092523012,419762
10,6,10,10,0.9281008671156488,419763
14,12,12,5,1.9430792377349442,419764
9,11,6,10,1.6608048207518276,419770
14,5,11,5,1.6456565643096692,419773
7,14,11,13,2.2055591155728096,419775
8,4,10,8,1.4446961752107415,419784
5,9,7,9,1.0963840135202503,419786
5,10,9,10,2.192511369769174,419792
9,12,4,2,3.6262551374805323,419798
12,5,13,7,0.7172952660076894,419804
5,5,7,5,1.097001554181607,419805
3,11,7,9,2.2425552345183224,419806
11,1,2,5,5.014208107515829,419807
12,10,7,12,2.7806093104077227,419808
8,13,6,10,1.3019919988105741,419809
13,12,12,9,0.87897712807231,419811
9,10,14,6,2.890107435754213,419813
12,5,9,10,2.0077103991610126,419814
9,13,6,11,1.708075939182334,419816
8,1,8,4,0.7021329694641641,419817
6,11,5,3,1.9741785698801533,419818
8,14,10,11,1.3028588684981521,419819
12,8,9,9,1.660529043496924,419820
6,10,4,13,1.3075561384488243,419822
7,11,9,9,1.1919575867182173,419823
10,5,9,12,1.716314632098775,419829
3,5,13,6,5.491785934670535,419830
14,9,10,8,2.2054862947099227,419832
6,12,10,10,2.242466799022227,419836
11,4,12,0,1.0662956807534572,419838
12,3,14,5,1.1930647762191613,419843
2,2,11,9,5.218772614446498,419844
12,11,11,8,0.8823729589192081,419851
7,2,6,4,0.7181929537337212,419852
9,3,11,3,1.0973962943228421,419853
12,6,14,6,1.0969526884013627,419855
10,6,13,6,1.645393233967035,419857
13,6,12,10,1.0681499694618304,419862
3,5,14,5,6.033725940964385,419863
4,13,13,5,5.272532146616745,419865
5,12,9,13,2.203419546536754,419869
2,11,7,10,2.750521664849191,419872
8,3,12,4,2.209556474130474,419874
7,3,3,3,2.194636235859766,419882
12,11,10,6,1.5941659937347754,419883
13,10,8,5,2.980302711184118,419885
13,9,10,7,1.7094916585321307,419886
5,2,8,2,1.6462702183891167,419887
10,12,10,3,2.0882148277908303,419888
7,2,5,5,1.2980993355854313,419891
11,3,10,2,0.5984340084741676,419893
1,11,14,10,7.129249348703362,419894
8,4,13,4,2.743091177469327,419896
5,2,6,4,0.7296289365126504,419898
4,12,6,12,1.0959454520700593,419901
12,11,9,10,1.6601963645033835,419904
12,9,10,8,1.121039306139915,419910
2,2,4,9,2.010917100646575,419912
1,12,8,14,3.86266246631998,419913
13,3,14,5,0.7172958858242389,419915
11,6,13,9,1.2976877036339542,419917
12,5,8,5,2.1941296608297383,419918
14,11,14,7,0.9118343907965466,419919
14,10,8,10,3.288962439110409,419921
7,13,6,4,2.1919020050883304,419923
11,10,7,10,2.1925765046688412,419925
13,6,11,5,1.1224829739247735,419926
3,5,6,4,1.659867182912521,419927
6,11,4,11,1.0960823272176994,419928
9,11,6,9,1.710178990077764,419930
10,13,11,7,1.4937491081502623,419932
14,5,14,10,1.1397735273151295,419933
9,4,13,4,2.1944886711186387,419935
10,5,10,1,0.9280470179841706,419940
9,12,14,11,2.750885101875185,419941
11,1,14,5,1.8941326646815906,419947
10,8,5,10,2.7798326809089238,419949
13,14,10,13,1.6581017888876264,419952
3,2,6,2,1.6462235880239466,419954
9,11,8,4,1.7268062781867104,419955
10,5,9,13,1.9385876753478237,419956
5,2,10,4,2.7894873424950126,419957
13,9,13,1,1.8317244226425695,419960
12,10,11,10,0.5481644806714805,419961
8,5,12,5,2.1941296608297383,419962
11,6,13,1,1.5807399222343432,419963
3,12,1,11,1.121856693526993,419964
5,14,12,6,4.267724022230354,419967
12,5,4,10,4.534432415445649,419972
13,12,10,12,1.6440787547156013,419973
5,13,9,12,2.2053689863539714,419974
6,13,4,12,1.1204401872007126,419975
5,2,13,11,4.874947187093874,419977
7,2,10,11,2.6777840471690215,419980
8,12,12,9,2.3013105633688324,419981
9,4,9,12,1.8643387590554255,419982
12,10,9,10,1.644469016669796,419985
9,5,13,5,2.194161297197439,419986
13,6,12,10,1.0681499694618304,419988
10,11,4,10,3.296855230977238,419990
10,7,12,10,1.298301172740441,419992
11,3,11,6,0.6929960412692643,419994
8,3,6,2,1.125703172828322,419997
12,3,10,3,1.0974119273363327,420001
8,5,8,3,0.46809687254651583,420007
6,11,12,8,3.3620414203248306,420008
11,11,14,6,2.0042490053313564,420009
13,14,9,5,3.0217835561957735,420011
8,2,8,4,0.4680913885014452,420013
5,14,7,12,1.1953015916761998,420014
6,4,4,12,2.1861987763577955,420017
12,10,10,1,2.3580167693951917,420018
1,5,4,2,1.786419911289615,420020
10,12,7,13,1.6615048102609866,420022
8,12,14,11,3.2973072156865784,420025
5,9,7,2,1.9748909516110242,420026
9,11,10,8,0.8869760804929422,420030
8,12,7,13,0.596998257690656,420031
10,6,13,6,1.645393233967035,420033
13,8,13,1,1.602749704170223,420034
11,6,13,6,1.0969367787438367,420035
10,6,13,1,1.9987769768172077,420036
12,5,10,4,1.1233520842153142,420039
9,11,6,10,1.6608048207518276,420042
5,2,8,4,1.7184211249928254,420043
11,7,12,10,0.8832233907086119,420045
10,5,8,3,1.1968681613027599,420047
8,12,8,14,0.4681462246797828,420049
12,11,11,9,0.7158570476372506,420051
13,3,10,11,2.4655969317608193,420055
9,11,11,10,1.1208605553135171,420058
13,8,12,5,0.8823752559951085,420060
6,3,4,4,1.119413176100804,420062
9,12,9,10,0.4661009930429464,420063
7,9,10,2,2.309616362160164,420067
14,8,12,10,1.1881997563317648,420069
14,6,12,5,1.122198283000338,420073
4,11,5,11,0.5480370692470344,420074
7,2,5,4,1.1884568972181175,420075
9,13,11,11,1.1920762051719997,420076
8,4,10,3,1.1190077108953316,420077
7,12,6,11,0.5960605453046238,420078
3,4,6,2,1.7064791262633308,420082
6,12,7,11,0.5969682923875766,420083
6,11,7,10,0.5966219480289686,420088
11,5,14,5,1.6456565643096692,420089
11,8,6,9,2.7505157629790298,420094
12,14,11,8,1.486157895364349,420099
9,11,6,9,1.710178990077764,420101
13,0,13,10,2.2896555237943024,420102
11,12,11,4,1.8480641376958973,420104
4,11,10,11,3.2883452287910533,420106
4,10,6,12,1.1940116193669037,420107
12,5,7,13,3.3104055353416624,420108
2,11,6,11,2.192131891518943,420110
5,11,7,11,1.0960987054786815,420111
8,3,13,6,2.8359365993790577,420112
11,5,11,9,0.9240214001219064,420114
5,2,8,4,1.7184211249928254,420116
6,3,13,5,3.873386138570199,420117
2,11,6,11,2.192131891518943,420121
7,3,3,3,2.194636235859766,420123
8,12,9,4,1.945201997124462,420125
13,6,12,5,0.5960605409438585,420128
6,12,13,6,4.081305117090302,420129
8,5,6,3,1.1987869043408346,420130
13,8,11,8,1.0966291198370777,420131
7,2,9,11,2.381535913817894,420132
12,5,13,7,0.7172952660076894,420134
8,4,6,2,1.1997503623935317,420135
12,6,10,6,1.096920868484217,420140
3,11,1,11,1.0960331886814563,420142
3,3,13,9,5.6718320131664175,420143
10,4,13,9,2.0139470217370774,420144
10,4,8,3,1.1245203982991132,420147
13,14,11,13,1.1179569027264291,420150
10,10,11,10,0.5481563397418936,420151
10,4,11,9,1.2838108866436202,420153
13,5,11,6,1.1192435924134005,420155
11,11,14,6,2.0042490053313564,420156
12,5,12,0,1.149881049546901,420158
9,14,8,12,0.718012736904195,420162
6,13,9,11,1.7111502450462082,420163
10,11,11,11,0.5480862002766034,420164
12,11,13,13,0.712991477255133,420165
7,9,9,13,1.4403531689130213,420169
5,12,4,9,0.8994324860569486,420172
8,4,10,10,1.7817751417696897,420177
12,8,10,8,1.0966130240451784,420181
3,12,12,9,4.983211687701108,420183
6,2,2,2,2.194949236977325,420184
5,12,8,12,1.6439552365516814,420185
6,11,10,9,2.2418753566765783,420186
6,10,10,9,2.20488075990077,420188
11,6,10,9,0.8831962509180562,420190
12,10,11,6,1.0739732336305694,420195
13,9,14,6,0.8765396129729447,420199
13,5,10,9,1.882232074616295,420200
3,12,9,10,3.3224813717256465,420202
13,5,13,1,0.9158412604165238,420203
12,5,11,8,0.8802011284506422,420207
10,6,10,11,1.1601328141304719,420208
8,2,9,9,1.7287796329928493,420210
10,5,8,4,1.1239297924651663,420215
2,4,6,1,2.297343849389486,420216
5,10,5,3,1.659741484182296,420220
1,11,9,10,4.390936511023699,420221
12,12,11,4,1.9251885935622903,420222
10,3,1,13,5.4618768023404956,420223
9,11,6,9,1.710178990077764,420224
5,12,11,13,3.295046559418667,420227
11,11,12,0,2.590111104861752,420230
13,5,10,2,1.792441102487159,420231
7,11,6,11,0.548053447508892,420232
1,11,7,10,3.296854104805657,420233
12,11,13,1,2.356167374002406,420245
7,11,6,12,0.5969682923875766,420246
11,11,14,6,2.0042490053313564,420247
8,3,6,3,1.0973493917395136,420249
1,3,13,2,6.585346455158775,420252
5,2,9,9,2.754283491922781,420254
8,5,9,11,1.5066815216662852,420257
5,12,2,2,2.9084725110640552,420258
4,4,6,4,1.097149975724903,420260
13,7,11,9,1.1881416273562708,420261
9,9,13,9,2.1929299269076425,420264
10,4,13,6,1.712672861713689,420267
6,10,7,11,0.596532455830533,420270
6,2,9,3,1.666160562006384,420271
9,13,12,10,1.78713362292581,420275
13,4,10,2,1.7148184756325733,420279
11,10,7,9,2.2052468395299023,420285
4,11,13,2,5.3517384321301105,420286
3,11,6,3,2.504985206396836,420291
8,3,7,10,1.7274683232628463,420298
12,11,12,7,0.9199735691773624,420301
7,12,12,11,2.750809065082407,420303
12,7,13,9,0.7158576390372815,420305
4,9,14,14,5.599469810590702,420312
11,5,11,2,0.6929880373929469,420319
4,4,3,1,0.9088799675536321,420320
5,2,6,2,0.5487489687005297,420324
7,13,11,11,2.2428352446809066,420325
12,5,10,11,1.7649410730663542,420329
12,14,7,10,2.889977786186123,420331
8,4,11,12,2.487396010794699,420335
6,5,6,9,0.9443620623049274,420336
13,9,14,3,1.4735208864377582,420343
11,13,5,11,3.3194795378505795,420345
11,9,6,11,2.7802191233599687,420347
3,2,5,2,1.0974746209496753,420351
3,2,7,2,2.194980325055861,420356
13,13,9,5,2.8691773425674088,420357
2,5,8,3,3.319510366225732,420358
13,7,10,8,1.6602905692031853,420360
13,12,10,4,2.474325167597987,420361
4,3,4,9,1.4287274434652422,420363
11,6,10,9,0.8831962509180562,420365
12,10,14,5,1.5829933965922338,420369
14,13,14,7,1.3677671528856872,420370
11,1,12,5,1.078567077804116,420372
11,4,13,9,1.5933729115513204,420375
10,8,8,4,1.4446961752107415,420376
6,12,11,11,2.7507714342353777,420379
10,13,10,9,0.9281331743783583,420381
7,10,8,4,1.5073551437572859,420387
7,11,12,11,2.7403900499315172,420392
9,1,12,10,2.6649935291213014,420394
6,3,8,4,1.125105463688293,420397
13,11,13,6,1.144873599826912,420398
10,14,8,12,1.1883744134961158,420401
8,4,11,7,1.792441279732798,420403
9,4,11,1,1.2915645391617112,420404
9,11,9,9,0.46609555923699775,420405
10,5,9,8,0.8846492830509988,420406
8,5,7,13,1.953809208238909,420409
12,5,12,10,1.1499471360436992,420413
9,2,10,6,1.0850035613225584,420420
13,14,9,14,2.191566773701183,420422
13,9,12,0,2.141584979605118,420423
8,13,10,11,1.1927034612842826,420424
5,4,7,3,1.1193106214634956,420426
3,11,7,11,2.192164649293132,420427
6,3,6,4,0.23608074426556377,420436
8,4,10,3,1.1190077108953316,420442
13,5,10,7,1.705889228556583,420445
7,11,11,8,2.3009713623779766,420450
11,2,14,6,1.892413238096595,420451
8,2,6,5,1.2967016979158021,420454
12,11,14,6,1.5843965523428065,420456
5,2,9,5,2.313646114503386,420462
10,5,2,9,4.481154567944659,420463
10,12,5,9,2.829004840440978,420464
10,7,13,6,1.660087546958664,420467
12,8,10,5,1.3007584525740787,420470
14,11,9,11,2.7404719255887717,420471
9,12,8,12,0.548001549747211,420474
7,2,13,6,3.429625898111127,420475
14,5,13,2,0.8823776077413575,420479
12,6,10,4,1.194011380661323,420480
12,11,12,10,0.22999735735501453,420486
14,6,12,8,1.1868748541723808,420487
6,2,10,4,2.2502199423873166,420492
6,4,12,7,3.3700279952711196,420493
3,2,4,2,0.5487334246628522,420494
12,5,9,11,2.149749971918916,420500
8,2,9,12,2.4020207438325496,420503
5,11,10,6,2.9781127286130604,420504
14,7,12,8,1.1196863303569289,420505
8,12,7,13,0.596998257690656,420508
11,11,6,11,2.7403491097511714,420509
5,4,8,1,1.7817298667535189,420511
7,11,12,11,2.7403900499315172,420512
10,5,6,10,2.4808958016927787,420514
12,10,12,3,1.6099074847395947,420515
13,6,11,7,1.1195151261058025,420516
7,13,6,11,0.7216220812115134,420519
3,11,4,2,2.2120977805076567,420520
11,7,8,10,1.7850097907023028,420521
13,9,11,12,1.296645371099283,420524
6,12,12,9,3.362917580822295,420528
5,11,6,12,0.5965324661284928,420530
5,10,3,9,1.1224448521124053,420531
11,1,12,5,1.078567077804116,420534
7,12,9,10,1.1926439648751048,420541
7,2,12,5,2.8385987019191172,420545
10,5,12,0,1.5826892466141755,420546
4,4,6,11,1.994786588525122,420547
1,11,9,11,4.384329257466502,420549
6,12,10,11,2.2052021671540394,420550
8,12,7,11,0.5955900609400716,420551
10,11,12,5,1.7649410730663542,420552
11,3,7,2,2.210503724094039,420554
9,4,8,9,1.2868071600912814,420559
2,2,9,11,4.404029539373114,420563
2,11,6,4,2.746251464647145,420565
10,12,5,3,3.468716130124244,420567
2,9,8,11,3.3232867909928796,420569
6,12,13,14,3.860911753240335,420570
7,9,7,11,0.47016384918275206,420571
10,4,7,3,1.6652545629851976,420576
4,13,11,10,3.9019090866938226,420578
5,11,7,5,1.7872974032172073,420579
12,12,11,9,0.8815228935692626,420585
11,14,12,7,1.705170206653625,420587
3,2,8,4,2.7904896949598323,420588
11,4,13,1,1.2888248201059447,420589
9,4,9,13,2.0973933284448156,420590
12,1,12,6,1.149894267295376,420594
8,3,9,9,1.5086324541818728,420598
14,13,12,10,1.290979235911156,420599
1,6,11,9,5.5325595060384645,420600
5,10,10,9,2.750550405959193,420601
2,5,14,2,6.612314457944643,420605
2,2,12,4,5.513296979640705,420607
12,11,10,4,1.9573029298053803,420608
2,5,7,10,2.9945662887570705,420610
8,12,5,10,1.7098231600729592,420612
3,12,0,10,1.7133486457918288,420614
4,3,6,11,2.1976483633467248,420616
11,6,13,8,1.191180203445172,420618
11,13,6,10,2.826421886884252,420619
12,11,10,7,1.4345886886362815,420620
7,3,8,1,0.7164034536731485,420621
10,8,12,0,2.1393422999153153,420622
11,4,13,2,1.1848547851635582,420625
10,9,12,10,1.1204699357632326,420626
10,12,9,10,0.7180133463117712,420627
10,8,8,4,1.4446961752107415,420629
12,12,11,6,1.4881072172672127,420631
11,6,13,8,1.191180203445172,420632
12,11,10,12,1.1210418009266718,420633
12,5,13,10,1.2733010097783797,420637
4,11,10,6,3.4893592029423117,420638
6,14,10,11,2.30462655388023,420641
0,12,6,12,3.287737502105408,420642
10,12,7,12,1.6440046466557536,420644
10,7,11,9,0.7187346286352827,420645
11,10,12,6,1.0714614069774753,420646
3,4,10,9,4.023618919974158,420647
6,11,10,10,2.2050375496797945,420648
4,11,4,5,1.4287615492733052,420651
4,10,13,10,4.9332604358472425,420652
10,13,9,10,0.8857722900957391,420654
11,13,13,6,1.9481675166872119,420656
10,7,12,6,1.1196182692718855,420664
11,5,9,1,1.446147750909444,420665
13,14,8,13,2.747666063783009,420666
13,5,12,5,0.5485521889344047,420667
8,3,11,9,2.1648721791212506,420670
12,5,8,12,2.7260163686052117,420671
8,11,13,10,2.7507553159743416,420675
7,10,10,7,1.7859363785420341,420682
4,2,6,13,2.8354079806767083,420685
7,10,13,6,3.415316864995515,420686
11,6,9,12,1.7709444194270194,420687
11,14,9,10,1.4331491529141591,420688
12,4,6,3,3.3029360649315103,420689
12,0,10,9,2.3415388855297405,420690
13,12,12,11,0.5932593220783529,420692
7,2,12,7,2.989782699886563,420693
11,6,13,9,1.2976877036339542,420694
7,10,9,10,1.096271971478738,420696
3,11,9,10,3.296976328018607,420700
6,12,8,12,1.0959783940301129,420701
12,10,7,5,2.9826621233582267,420702
10,2,10,5,0.6960393026046076,420703
12,4,11,8,1.0697380847960047,420704
10,11,12,11,1.096180587400138,420707
11,7,8,9,1.707836680538516,420708
11,11,8,11,1.644234035094055,420709
5,10,11,12,3.320760973246295,420710
6,2,12,11,3.9133829134739138,420712
10,6,10,3,0.696047380180421,420714
7,10,10,3,2.311659369081862,420715
6,2,5,5,0.8912581030112956,420716
7,11,9,11,1.0961314601259848,420720
4,12,13,1,5.54908883837482,420724
6,5,10,3,2.238485977951183,420725
11,10,12,7,0.8817449686371638,420726
13,10,12,7,0.8806754544094079,420730
5,5,8,3,1.706398313465233,420736
5,13,7,12,1.121918723269119,420738
14,5,13,7,0.7118695788212192,420739
11,1,12,4,0.888333613465889,420741
12,10,7,5,2.9826621233582267,420743
10,14,9,13,0.5937224669386513,420745
12,13,14,6,1.942637971014464,420746
13,8,7,9,3.2972113779548398,420749
10,7,5,9,2.7793234824282154,420752
10,4,12,1,1.290191994419075,420753
10,4,12,5,1.1233520842153142,420754
10,13,12,9,1.4356913318549878,420755
12,8,11,8,0.5483105363259547,420756
9,2,10,6,1.0850035613225584,420759
11,6,9,10,1.4343383419990683,420764
10,7,13,6,1.660087546958664,420769
12,6,5,11,4.00830369734679,420771
6,2,7,2,0.5487567402833767,420772
9,9,10,9,0.5482203412553948,420773
10,4,14,5,2.208450796748067,420775
7,11,13,6,3.4856475685669075,420779
10,7,14,6,2.204525149614134,420780
9,7,11,9,1.1921210854970172,420781
9,11,6,10,1.6608048207518276,420783
10,11,4,12,3.2970662473218386,420787
13,4,13,1,0.6868770167459033,420788
8,11,11,5,2.153268457924953,420789
11,11,4,11,3.8364314172220757,420792
6,13,13,6,4.167393479319318,420793
12,5,5,4,3.849445657923313,420794
5,12,9,10,2.242695395859007,420795
12,9,13,8,0.5940853329471694,420797
9,11,13,11,2.1923611696627017,420811
11,13,5,11,3.3194795378505795,420812
10,12,14,7,2.4764274197602143,420814
9,11,8,10,0.5955900699610096,420815
13,6,8,9,2.825622833116721,420821
11,1,11,12,2.5410441623830105,420822
13,10,10,8,1.7084412206114221,420826
11,3,13,6,1.3013736394851494,420828
10,12,8,12,1.0960113334698214,420831
10,11,11,5,1.491845193580758,420833
10,3,9,10,1.714361661770032,420835
6,3,5,3,0.5486629695373266,420836
5,5,9,11,2.612639257269685,420837
12,8,14,5,1.2913367111770921,420839
8,13,9,4,2.170786074970862,420841
5,4,8,3,1.6596222231823528,420844
8,11,8,12,0.23406899996931194,420846
10,9,11,10,0.5951210548409619,420848
5,12,7,12,1.095961923367032,420849
7,11,13,13,3.318680032577185,420850
4,11,9,10,2.7505985155030985,420854
1,11,5,11,2.1920991324943593,420857
12,3,4,10,4.672676710416435,420858
5,11,11,11,3.288394359824626,420859
6,11,3,13,1.7122863538695492,420860
12,10,13,9,0.5944189949357315,420861
10,7,11,7,0.5483784955353691,420863
12,4,13,6,0.7180152077306566,420866
9,11,7,13,1.1933335969483985,420869
8,12,2,2,4.068724852043791,420870
3,9,10,9,3.8373723497172545,420872
11,6,11,11,1.155046757983205,420873
14,6,12,11,1.5843965523428065,420877
7,10,6,10,0.5481237729154881,420878
14,6,7,13,4.1652305737142585,420880
4,2,2,11,2.4071479355535588,420881
13,8,11,8,1.0966291198370777,420882
13,10,2,9,6.034715177705949,420887
14,6,6,9,4.438703858550472,420889
6,5,12,6,3.3010793196723305,420893
11,1,12,1,0.5488832646211705,420900
12,5,11,8,0.8802011284506422,420901
12,10,7,5,2.9826621233582267,420902
10,13,14,6,2.720837876134858,420903
11,10,14,5,2.002646544420867,420904
7,11,12,11,2.7403900499315172,420905
5,10,8,9,1.6608761047504397,420906
13,10,9,10,2.1926416345926922,420907
10,3,13,5,1.713743193912223,420908
6,4,9,2,1.705436461301194,420909
11,9,10,6,0.886626420675728,420910
11,1,12,1,0.5488832646211705,420911
9,10,8,10,0.5481400569525696,420918
13,6,11,10,1.4296614504974694,420921
10,5,12,1,1.4258782276732112,420923
10,7,8,10,1.2988609664613364,420925
10,12,6,10,2.240910041592021,420927
10,2,12,2,1.0975834169441538,420928
9,1,7,9,2.1609798265614786,420933
9,2,7,12,2.5789490257477556,420934
8,4,9,11,1.7268062781867104,420935
0,2,1,2,0.5487101064153621,420936
3,4,6,3,1.6596692385037637,420937
4,2,10,5,3.375316310212282,420940
14,5,10,3,2.2467135570097727,420942
11,1,12,5,1.078567077804116,420945
12,5,13,9,1.071220120927999,420947
5,9,10,8,2.7504732955721964,420950
12,3,9,4,1.659534239872134,420951
5,2,10,5,2.8405999170130567,420955
0,12,1,11,0.5988969702611687,420957
14,6,11,2,1.892413238096595,420959
2,5,7,9,2.9081229613126127,420960
8,3,7,2,0.5998751438114431,420961
10,6,12,11,1.5941659937347754,420966
10,7,13,9,1.7094916585321307,420969
13,12,10,14,1.7103130064306855,420970
13,6,12,10,1.0681499694618304,420972
13,6,9,13,2.724542606710697,420973
13,8,14,5,0.8757714298643609,420976
5,10,6,4,1.51834988862419,420977
5,2,2,7,2.0207734985897505,420979
12,3,6,10,3.663187712781636,420980
9,9,10,13,1.0785651007138572,420981
10,8,12,4,1.4295429825623478,420983
7,3,3,2,2.211212110420984,420984
2,3,2,8,1.2007651113891677,420986
9,12,14,8,2.8927246759367327,420987
9,13,13,13,2.191823735843598,420988
3,4,10,9,4.023618919974158,420990
4,11,8,10,2.205019691678935,420995
9,5,7,11,1.7783280046591199,420998
4,4,9,10,3.0926850922484896,420999
10,5,8,3,1.1968681613027599,421002
12,5,6,4,3.3020019599354105,421003
12,10,10,6,1.4360285371856254,421004
1,11,0,8,0.9105953836286698,421005
3,9,5,9,1.0963516282159878,421015
12,0,10,12,2.974405796343412,421017
8,10,12,4,2.5919554310521145,421020
12,2,13,6,1.0739743498659047,421023
11,13,14,2,3.008565158256734,421027
7,12,11,9,2.301961215656776,421031
13,5,11,9,1.428437724292112,421034
13,11,13,7,0.9159041182200981,421038
8,11,10,11,1.0961478365101978,421040
6,3,10,11,2.8922899299906617,421041
8,10,12,12,2.239798129662601,421045
3,3,1,5,1.1915988910776414,421046
6,4,14,6,4.416826354317429,421049
11,5,8,4,1.6643586581846805,421051
8,9,5,4,2.0303882045911936,421052
13,5,8,13,3.3064561257474505,421056
11,11,12,5,1.486365354210637,421057
8,4,9,5,0.5984341045895316,421059
13,5,11,9,1.428437724292112,421062
10,5,6,9,2.3798363860698446,421063
10,5,11,3,0.7141299495045375,421069
10,4,12,9,1.5973542166194843,421071
6,5,11,9,2.9016047569300976,421073
13,12,9,10,2.239245019741636,421074
12,5,14,8,1.2970747546148305,421075
1,12,0,8,1.1126824520333614,421078
11,1,8,12,3.0326052565331763,421079
2,9,9,5,3.9470985691185043,421080
6,4,9,4,1.6457839423817828,421082
3,9,9,12,3.3639026887785297,421085
4,2,8,3,2.2110341843496477,421087
7,13,5,13,1.0958290581599437,421088
1,9,1,8,0.24117827045444543,421090
7,11,9,11,1.0961314601259848,421093
6,9,6,10,0.2360974950723243,421097
8,1,9,7,1.510583548580725,421102
13,6,11,8,1.1874776576445552,421103
3,5,4,2,0.895750033787996,421104
12,5,10,10,1.5897194696230705,421107
12,13,14,6,1.942637971014464,421112
5,11,4,5,1.530171292774169,421114
6,12,6,9,0.7083008597852329,421115
12,5,13,9,1.071220120927999,421116
10,8,11,10,0.718013961254199,421118
10,3,7,10,2.311659369081862,421121
11,10,13,6,1.4296614504974694,421123
2,11,11,7,5.020521462831769,421126
9,1,6,9,2.4836170692208186,421128
12,5,13,9,1.071220120927999,421132
12,1,9,5,1.878598035980017,421135
6,11,6,4,1.6526433770319517,421139
6,12,7,10,0.7231694761369315,421140
6,3,4,12,2.3933841528673616,421148
12,5,7,5,2.7426422980642986,421150
10,6,7,5,1.6638973469404452,421153
13,10,14,6,1.0648433193132256,421156
14,6,12,10,1.4273338812685765,421165
6,2,8,3,1.125703172828322,421166
4,2,8,3,2.2110341843496477,421168
6,2,3,1,1.6675221561836615,421170
6,5,10,11,2.6089227762504525,421173
5,2,3,9,1.9860645448571341,421174
9,11,11,9,1.1907127187474371,421176
6,12,9,11,1.6613037619933586,421177
10,6,12,5,1.1193449543288274,421179
7,3,5,10,1.9765520989833847,421183
5,2,4,5,0.8935018727243456,421184
13,5,11,8,1.2927139502155314,421185
7,10,7,13,0.7052582231798533,421186
3,11,6,11,1.644111205169953,421191
14,7,7,2,4.021387465375701,421200
12,5,11,10,1.2745031135932705,421201
6,9,12,10,3.297503611480445,421203
7,13,13,13,3.2876859072012166,421205
7,3,9,9,1.788606511086157,421207
10,7,12,0,1.9438274525630936,421209
11,8,13,5,1.2927139502155314,421210
6,11,9,11,1.6441849059433074,421211
9,1,13,6,2.4915878783344585,421214
4,9,6,11,1.194961116338309,421217
7,13,5,13,1.0958290581599437,421220
6,10,10,11,2.204686044098498,421222
4,11,12,11,4.384525789118847,421225
9,13,12,11,1.710032885481266,421226
12,13,13,6,1.6976527932178178,421228
11,6,9,10,1.4343383419990683,421234
6,10,5,11,0.5969382673587631,421237
10,8,14,8,2.193258234610624,421241
12,10,11,7,0.8832233907086119,421244
3,11,7,11,2.192164649293132,421245
6,4,8,3,1.1192088587317979,421248
12,3,14,8,1.5909885447083894,421249
10,7,12,6,1.1196182692718855,421250
11,6,9,2,1.4446975403718203,421252
8,10,11,9,1.660777403496405,421253
14,7,6,11,4.481707255354398,421255
12,5,11,2,0.8874810067102725,421258
9,12,11,9,1.299446348651977,421261
4,2,7,12,2.8907880797626775,421264
6,11,6,12,0.23610307828673693,421265
12,5,9,5,1.6456091115559905,421266
7,11,5,4,1.9885246357236734,421267
13,11,7,5,3.5763632551392552,421270
12,8,12,5,0.6899603521252122,421277
9,5,8,10,1.2877262621499583,421281
8,3,2,5,3.319510366225732,421282
6,11,5,10,0.5970057998191223,421283
7,9,12,9,2.741101693558309,421284
7,13,8,2,2.6351148193032943,421285
11,11,13,9,1.1894794316676816,421286
12,5,13,0,1.2655335748377956,421288
8,11,10,11,1.0961478365101978,421289
5,3,3,13,2.6161942798500544,421290
10,11,13,5,2.146242294788008,421291
11,12,11,6,1.3860641119572923,421293
9,12,8,9,0.8891795545888173,421294
12,2,12,6,0.9199207013260267,421296
10,13,11,4,2.1534744380422874,421300
14,4,10,4,2.1945201210629013,421303
10,3,3,11,4.265301647892367,421305
6,12,10,12,2.1919897229680245,421306
13,8,13,3,1.1448343143655417,421311
4,12,3,4,1.9891910243341546,421312
11,10,12,9,0.59472507714824,421313
6,4,14,6,4.416826354317429,421314
7,4,11,4,2.194425767660509,421315
10,8,12,11,1.297075698822053,421317
10,8,12,11,1.297075698822053,421319
4,5,14,6,5.491727260233708,421324
12,5,11,7,0.7141892270317307,421326
10,2,8,5,1.293922286910536,421329
11,3,14,11,2.470250651285815,421332
6,10,5,5,1.3067822828447353,421335
11,5,11,8,0.6930120486105168,421336
4,4,7,3,1.659645479036099,421337
11,13,12,13,0.5479600757615137,421338
9,5,11,8,1.3026073668554536,421340
4,11,5,10,0.5972560206178714,421341
11,12,9,13,1.1214524744672485,421343
8,11,5,11,1.6441603399594864,421348
9,4,9,5,0.2330328358625521,421349
12,5,11,10,1.2745031135932705,421350
5,4,10,9,2.98978308678907,421351
6,10,7,10,0.5481237729154881,421355
9,12,12,11,1.6611959262054439,421356
9,11,7,3,2.1755280878664647,421357
12,6,13,9,0.8815251713661891,421365
6,4,3,4,1.6457131652976162,421367
6,11,8,12,1.120450077150978,421370
12,5,11,10,1.2745031135932705,421371
6,4,6,9,1.1804455977878225,421373
2,2,4,4,1.2036327800713866,421375
10,9,12,9,1.0964649659972974,421377
6,4,9,4,1.6457839423817828,421378
10,8,14,6,2.239304737437825,421382
12,1,11,5,1.0671557497433892,421383
11,12,14,13,1.658530456363658,421387
10,2,5,2,2.743822545563832,421393
12,11,13,7,1.0690107738872916,421394
8,3,5,9,2.1601557623409477,421401
10,8,13,6,1.7065047383366492,421402
6,10,8,9,1.1209028250307198,421403
5,3,2,13,2.890662845422762,421406
9,9,6,9,1.6446124497358146,421407
3,12,13,6,5.6562797211780405,421409
12,3,11,6,0.878659623719341,421411
4,2,13,10,5.290933219464956,421416
8,12,9,11,0.5963368432703349,421417
7,4,12,4,2.7430518628085094,421421
5,10,5,4,1.4226440097180337,421422
7,9,5,11,1.193213991566089,421423
5,10,9,11,2.204846611180326,421424
6,12,10,10,2.242466799022227,421427
11,11,13,6,1.5877590696408923,421428
12,11,13,6,1.271019289715526,421429
12,10,6,9,3.297503611480445,421430
10,9,5,10,2.750550405959193,421431
12,12,8,3,3.0347354728134133,421437
8,13,6,4,2.3862458023778985,421442
8,3,14,11,3.7813975795193153,421443
8,11,8,12,0.23406899996931194,421445
9,12,7,3,2.379653741967221,421446
4,12,8,12,2.191923841565282,421447
13,9,14,11,0.7129920287533837,421448
12,10,11,13,0.8840650824407118,421453
10,5,10,4,0.23201579349893095,421454
11,10,10,6,1.0776469073361366,421456
6,2,8,4,1.1997503623935317,421457
7,11,9,11,1.0961314601259848,421459
10,8,8,1,1.9751293791291507,421461
10,11,14,11,2.1923939186707226,421463
10,8,12,11,1.297075698822053,421464
7,12,6,11,0.5960605453046238,421465
5,2,3,2,1.0974746209496753,421473
6,4,2,3,2.210606913880352,421474
6,13,14,6,4.676013509944604,421477
14,6,11,8,1.7061558967447987,421483
2,12,6,12,2.1918579551224995,421484
11,1,11,6,1.1549800612896868,421485
4,2,12,11,4.879586231983901,421488
10,9,5,10,2.750550405959193,421491
6,2,5,2,0.5487489687005297,421492
11,9,12,6,0.8809727573411524,421495
13,10,13,6,0.9158936423603836,421497
8,3,10,7,1.4461463616146621,421498
13,10,13,5,1.1448605048933855,421499
4,4,8,4,2.1943314035568546,421501
12,5,7,5,2.7426422980642986,421506
11,6,11,11,1.155046757983205,421509
13,14,10,2,3.2219192025131806,421516
14,6,11,1,2.0165646421211423,421517
7,12,10,9,1.7879810316375373,421519
11,6,13,9,1.2976877036339542,421521
8,5,10,9,1.4432474582597783,421522
11,10,12,0,2.364840995399056,421528
6,11,10,9,2.2418753566765783,421533
11,1,12,10,2.1496373631296306,421534
5,12,6,11,0.5972861695430888,421540
11,2,12,2,0.5487955938028215,421541
13,8,11,8,1.0966291198370777,421542
6,4,11,6,2.786439134856978,421545
5,12,10,11,2.750734061632205,421550
4,11,5,11,0.5480370692470344,421551
10,8,8,4,1.4446961752107415,421553
5,9,9,9,2.1928004054121835,421557
10,6,10,11,1.1601328141304719,421558
7,11,10,11,1.6442094709908706,421559
7,10,10,8,1.7088321935785071,421561
11,13,6,9,2.8935554900838647,421564
4,11,9,11,2.7402672246957915,421565
4,12,7,11,1.6613781608802276,421566
2,5,10,9,4.493314400204485,421569
6,11,8,12,1.120450077150978,421571
13,12,9,10,2.239245019741636,421574
11,12,10,10,0.7165748753276161,421575
9,11,12,11,1.6442585982638296,421580
6,4,10,5,2.20913632897398,421583
6,5,2,13,2.899594953561254,421586
11,5,8,4,1.6643586581846805,421587
3,12,6,4,2.507209179125318,421588
14,10,12,5,1.5878085849808348,421589
7,11,11,11,2.1922956678833776,421590
6,11,10,8,2.3016204071735906,421591
10,11,12,11,1.096180587400138,421593
8,13,12,11,2.2426062528690682,421595
11,9,12,11,0.7158570476372506,421599
11,7,10,9,0.716583135283158,421600
10,7,13,6,1.660087546958664,421604
10,7,10,10,0.6960796891055894,421605
5,4,8,11,2.335568714702279,421606
5,12,13,1,5.066992921038286,421608
10,5,10,14,2.088263289515302,421612
1,12,6,10,2.7814361661368703,421613
11,10,10,2,1.9351720631255964,421615
12,5,6,9,3.414772629932052,421616
13,5,14,8,0.8798283997221662,421617
12,6,7,5,2.754165151888055,421621
8,12,7,4,1.9571832490992842,421623
6,3,2,5,2.239310366930407,421624
5,2,6,2,0.5487489687005297,421625
8,10,8,14,0.9362814823339051,421627
11,6,13,6,1.0969367787438367,421630
14,12,12,5,1.9430792377349442,421632
6,2,7,2,0.5487567402833767,421633
6,11,4,11,1.0960823272176994,421637
13,13,10,9,1.8827371677592923,421638
14,6,11,10,1.8819055203077095,421639
5,2,7,10,2.1921141201115666,421640
7,3,10,8,2.0257653992623386,421641
12,5,12,0,1.149881049546901,421643
2,5,10,9,4.493314400204485,421646
10,6,12,11,1.5941659937347754,421647
9,2,10,10,1.9431702985850534,421649
8,2,12,9,2.740060855034389,421654
8,11,7,13,0.7226047965029142,421661
7,12,1,12,3.287786919772512,421665
2,11,12,10,5.4860551455543884,421666
3,5,4,9,1.1043632424718832,421667
9,10,3,9,3.297835894476726,421668
12,3,12,13,2.2999074792511247,421669
4,3,4,12,2.143129528674347,421671
8,11,12,11,2.1923284193994323,421672
13,11,13,14,0.6869555870070337,421675
9,3,6,2,1.666160562006384,421676
4,4,6,2,1.1890674611727086,421678
10,5,10,7,0.46403966432083715,421679
5,12,6,13,0.59606054602548,421681
13,6,10,8,1.7065047383366492,421682
10,5,13,5,1.645632838382688,421683
12,1,13,6,1.2771182417646776,421684
7,3,12,9,3.085678265883425,421686
9,4,9,9,1.1651913490851118,421687
12,5,10,9,1.4307686233292023,421691
13,14,8,13,2.747666063783009,421692
10,11,12,11,1.096180587400138,421694
12,6,12,2,0.9199207013260267,421699
11,9,13,6,1.2936928551507538,421700
8,11,10,11,1.0961478365101978,421701
6,5,5,4,0.5998752927369069,421702
3,4,0,5,1.6599468065293324,421703
4,4,5,2,0.7205513531250867,421704
8,1,9,5,1.0896066375741733,421706
13,8,11,11,1.2956585713785476,421707
5,11,6,2,2.1947575349596304,421714
11,6,12,11,1.2771227809976717,421716
14,9,12,7,1.1893070380036643,421717
3,4,4,9,1.317325671901246,421721
8,14,10,8,1.7785204310130338,421724
3,2,7,3,2.211212110420984,421725
12,4,13,8,1.0721380171728034,421729
5,11,2,4,2.3519852191508046,421730
7,11,9,4,1.9670648225696992,421734
3,2,5,2,1.0974746209496753,421738
11,10,11,8,0.46202137147753414,421739
11,5,13,5,1.0970964686781322,421740
12,11,10,9,1.1893069212488752,421742
10,8,11,5,0.8824229176404959,421743
12,4,6,10,3.5679120244678475,421753
10,4,12,2,1.18544781578758,421754
14,14,13,7,1.6891648346890131,421755
5,3,5,11,1.8968586765000102,421760
8,4,13,6,2.785461374787299,421761
10,6,13,9,1.7867702913141643,421762
6,12,13,6,4.081305117090302,421763
13,8,10,8,1.644931606443437,421764
10,3,12,5,1.1949607645535545,421767
13,10,10,2,2.479226622290543,421768
6,4,12,0,3.4086406126432047,421769
6,11,7,10,0.5966219480289686,421776
11,1,10,8,1.7058631747932933,421778
11,7,11,6,0.23100401630619294,421783
10,11,13,7,1.8848914718995382,421790
6,3,3,3,1.645965451754712,421795
14,10,12,10,1.0963533823263962,421807
4,12,3,2,2.4525056829355925,421808
11,7,12,5,0.7141892270317307,421810
14,10,6,9,4.391729683862023,421812
6,2,8,11,2.390011963069541,421813
8,13,14,13,3.2877355907996426,421814
1,12,6,12,2.739801848563382,421815
4,10,11,12,3.8643045375371163,421816
7,10,6,11,0.5966219480289686,421818
9,3,5,3,2.194698778532916,421820
2,2,4,3,1.1268916812622611,421822
5,2,3,2,1.0974746209496753,421824
10,2,12,2,1.0975834169441538,421829
6,10,7,3,1.7340272721205419,421831
14,12,13,3,2.129545812501006,421833
14,6,11,7,1.660061985070998,421840
13,7,12,7,0.5483944985302172,421841
4,10,5,11,0.5974805726666645,421843
4,5,11,13,4.27550575206223,421846
12,5,8,10,2.476976092360709,421849
4,11,13,5,5.124588083317987,421850
14,10,11,7,1.7839605128312703,421852
9,13,0,3,5.487831075712478,421856
9,2,11,5,1.3063183909915015,421857
10,2,11,13,2.607167804424459,421860
13,5,8,4,2.754862475690822,421861
12,5,11,12,1.7032200312138528,421862
5,5,6,2,0.8912581030112956,421865
11,9,6,9,2.7410612180877068,421870
8,11,9,14,0.8874740994144027,421871
13,4,12,6,0.7124187331357622,421874
4,2,13,6,5.035409072292316,421875
7,13,6,12,0.5955900519473435,421878
6,2,4,2,1.097490164987174,421882
4,12,5,9,0.8989850022073136,421884
11,5,10,5,0.5485363713510314,421886
6,9,11,9,2.7410612180877068,421888
12,5,13,6,0.5960605409438585,421889
6,5,11,9,2.9016047569300976,421890
7,13,11,6,2.731989943989707,421891
10,11,12,11,1.096180587400138,421895
7,11,10,11,1.6442094709908706,421900
6,2,7,12,2.4222142638591397,421901
14,8,12,5,1.2970747546148305,421903
8,12,13,5,3.1816156598306464,421904
11,7,13,6,1.1195151261058025,421905
8,3,10,4,1.1245203982991132,421908
11,1,10,7,1.4880392562561782,421912
12,5,11,11,1.486365354210637,421916
6,13,10,14,2.2025629460974585,421918
7,12,8,3,2.1784380772369274,421919
13,8,6,9,3.8442651627474254,421922
4,4,1,2,1.721344094949238,421923
1,5,8,3,3.8632550456447556,421924
10,6,12,5,1.1193449543288274,421925
7,10,7,4,1.4104417445504538,421926
2,2,5,4,1.7206099624349722,421927
12,10,11,7,0.8832233907086119,421931
11,6,10,9,0.8831962509180562,421933
7,13,13,6,3.6677254202247576,421939
13,10,9,11,2.205066968366238,421940
10,8,9,12,1.0798286379549462,421942
10,13,7,11,1.7073834554469738,421943
12,8,8,4,2.3880228415414164,421945
13,3,13,5,0.45792586888178555,421947
14,6,12,11,1.5843965523428065,421948
9,4,1,7,4.438033585302433,421949
10,4,11,7,0.8883312352142049,421951
13,13,11,4,2.343925944045516,421952
9,11,8,2,2.175791561711754,421954
3,5,13,9,5.568334825246028,421956
12,10,5,4,4.093776210277351,421957
12,5,14,9,1.4317158692245162,421958
13,6,11,7,1.1195151261058025,421959
2,5,0,7,1.1936048721875196,421961
10,14,6,11,2.2985595768249287,421962
5,2,11,5,3.3744373100106335,421966
7,11,9,10,1.1210850143576143,421967
7,2,4,2,1.6462469036451726,421968
10,14,4,5,3.9133854426215366,421969
11,10,10,8,0.718013961254199,421970
10,2,9,9,1.713385350333235,421973
8,13,12,5,2.8711449813001875,421975
3,2,6,2,1.6462235880239466,421976
8,4,9,11,1.7268062781867104,421977
13,6,11,8,1.1874776576445552,421978
10,11,8,10,1.1204599933413895,421979
9,11,7,12,1.1213826281611845,421981
5,4,3,12,2.19289044118545,421983
9,11,12,11,1.6442585982638296,421984
12,10,11,6,1.0739732336305694,421985
7,11,13,11,3.2884926162555477,421987
8,2,9,1,0.5929782849063331,421990
5,12,3,13,1.1221565633539563,421991
7,3,6,11,1.9594329223203633,421992
9,12,11,6,1.7709444194270194,421993
12,5,10,10,1.5897194696230705,421996
14,6,11,9,1.781260109006841,421998
7,11,10,6,2.0144361287318975,421999
10,5,10,11,1.3921512991068665,422002
6,4,12,13,3.9059734104128507,422003
1,5,2,2,0.9002593866903587,422007
13,9,13,6,0.6869163035369324,422008
5,5,10,4,2.7502629738707163,422014
6,10,10,10,2.1925439378405938,422017
13,12,9,9,2.298191789808133,422019
11,3,8,11,2.4767860598665403,422022
8,12,10,9,1.3008547268411585,422025
2,3,8,3,3.291954341429611,422026
7,11,7,9,0.47016384918275206,422029
12,10,9,5,2.0152552362312957,422030
11,6,12,5,0.5933939822208821,422036
5,12,6,11,0.5972861695430888,422039
9,13,11,13,1.0958953093156651,422040
8,4,11,4,1.645831122651378,422042
5,12,7,10,1.1939066163194285,422043
13,8,5,10,4.409635008999794,422045
9,13,10,10,0.8885301376802675,422049
13,14,12,11,0.8772802861643305,422053
7,11,7,3,1.8805889896925256,422054
11,7,13,9,1.1902421667812406,422055
11,3,13,2,1.118451826891103,422056
13,6,11,8,1.1874776576445552,422057
11,10,10,8,0.718013961254199,422058
13,8,12,8,0.5483185840671115,422059
9,11,12,11,1.6442585982638296,422061
10,2,12,13,2.771451554761059,422062
14,8,9,10,2.7793248176347274,422063
10,3,13,9,2.156205764298107,422066
6,11,6,2,2.1248020690787577,422071
13,9,10,4,2.0139470217370774,422073
13,9,9,9,2.1929299269076425,422075
6,4,4,4,1.097149975724903,422078
10,14,10,12,0.46407735612791484,422079
10,7,10,3,0.9280685581906829,422082
9,11,9,10,0.23304913811562003,422083
7,2,6,2,0.5487567402833767,422085
14,7,9,9,2.778829886156075,422086
12,5,11,10,1.2745031135932705,422087
7,12,4,12,1.643930530081351,422088
5,2,8,10,2.5120109311196206,422091
9,5,10,10,1.2876367295235012,422093
4,4,8,12,2.9010027200260056,422098
10,8,10,6,0.4640450491418563,422100
9,4,10,5,0.5979565397749494,422102
7,12,10,10,1.7101224043715382,422104
10,13,7,14,1.6617481286925826,422108
10,8,6,9,2.2047317989936843,422113
12,4,14,8,1.4331527539024607,422114
7,10,9,9,1.120791186979514,422118
7,11,6,4,1.7406883097389247,422119
12,11,14,13,1.185595005193038,422120
7,2,5,10,2.176039615517502,422122
10,5,10,9,0.9280900976586102,422124
13,10,11,9,1.1201915870079828,422125
10,2,11,4,0.7223491161819485,422126
5,12,6,2,2.4250822612411467,422129
11,5,13,6,1.1224829739247735,422132
2,9,12,0,5.857690594421473,422134
4,12,6,12,1.0959454520700593,422136
6,13,5,9,1.0932905610908128,422137
14,5,13,1,1.0712213279978113,422141
9,10,6,11,1.6610703186846576,422142
13,6,11,6,1.0969367787438367,422143
7,13,14,6,4.1652305737142585,422144
11,1,13,6,1.5981553434919105,422146
6,12,13,0,4.7297997086814325,422147
8,9,11,4,2.008639459434089,422148
13,6,11,1,1.5981553434919105,422149
4,11,5,11,0.5480370692470344,422150
11,6,13,9,1.2976877036339542,422154
6,12,8,2,2.5877854418188293,422160
2,2,8,4,3.3327275445535345,422161
11,5,13,6,1.1224829739247735,422168
12,13,14,7,1.7591429953897544,422173
6,12,8,13,1.1198840253648554,422174
8,4,9,1,0.8837790944227628,422179
11,12,8,4,2.487396010794699,422180
12,5,13,6,0.5960605409438585,422181
1,2,10,3,4.947619368605233,422182
6,11,9,11,1.6441849059433074,422184
10,5,7,5,1.645561655202706,422185
4,4,13,6,4.9631232812542665,422191
7,12,8,9,0.8922324785013835,422196
7,12,5,9,1.3050809736100146,422204
10,12,12,13,1.1187830927878417,422206
5,2,10,4,2.7894873424950126,422207
13,10,13,6,0.9158936423603836,422208
3,11,1,11,1.0960331886814563,422210
5,5,13,9,4.4898743107819525,422211
13,10,13,0,2.2896555237943024,422216
11,14,10,9,1.2790366961377466,422218
12,6,9,13,2.3086833657362176,422219
9,2,12,6,1.897008079528984,422221
13,6,10,8,1.7065047383366492,422226
9,10,9,9,0.23304642119026434,422227
7,2,11,7,2.4949098051776777,422231
11,9,12,12,0.8815228935692626,422233
13,14,7,12,3.3174176158277824,422234
11,2,10,5,0.8801064018739279,422235
1,11,10,11,4.932407249711512,422236
3,2,3,5,0.7173921666402963,422237
13,1,12,0,0.5984339117685112,422239
10,7,9,10,0.8861999081389276,422240
4,10,8,3,2.7364447605373674,422241
11,11,13,9,1.1894794316676816,422242
6,11,7,11,0.548053447508892,422244
13,10,14,6,1.0648433193132256,422245
7,12,9,9,1.302268339243897,422247
14,5,7,13,4.259259474409207,422248
10,12,11,11,0.5957111528351801,422249
13,6,4,13,5.195939704845768,422250
4,3,6,12,2.405093355422342,422251
12,13,8,12,2.202951785900215,422253
5,2,8,1,1.659250956919173,422255
12,10,6,10,3.2888647442193495,422258
4,12,6,3,2.3933841528673616,422261
11,6,12,0,1.4816130547811908,422262
7,11,11,10,2.2050470048881707,422264
13,4,14,6,0.7165766838496193,422267
13,6,11,6,1.0969367787438367,422268
10,4,13,3,1.6595135050592515,422269
11,5,7,5,2.194098023259689,422270
12,6,6,5,3.3010793196723305,422271
11,12,13,9,1.296645371099283,422274
8,1,11,12,3.049888772763938,422275
13,6,9,13,2.724542606710697,422276
6,9,7,13,1.0896051016075163,422279
13,14,12,11,0.8772802861643305,422280
8,11,11,13,1.7066932903690353,422285
12,3,10,5,1.186101753353265,422287
6,2,6,4,0.4721586964853986,422294
12,5,12,12,1.6099444916050185,422295
10,2,12,4,1.1959129629075678,422296
14,12,6,5,4.680629535206282,422298
5,5,10,3,2.7773831305242824,422302
13,4,10,8,1.8809088001167724,422304
8,10,6,11,1.1211984262103847,422305
11,6,6,9,2.8265226455246855,422306
7,12,10,11,1.6612673148497101,422307
8,4,6,3,1.125105463688293,422308
12,6,6,9,3.360323220701679,422310
12,5,8,5,2.1941296608297383,422313
11,10,13,9,1.120352527338037,422315
11,5,10,3,0.7216247396768323,422316
10,3,10,8,1.160092428320753,422319
10,10,8,3,1.9715584654123792,422320
12,5,11,9,1.0705995698652635,422321
5,4,7,13,2.3947246780741813,422324
12,5,13,9,1.071220120927999,422325
11,11,12,6,1.2754191070194498,422328
7,4,11,10,2.6076854486246774,422330
8,9,8,12,0.7021987745840895,422331
6,12,7,12,0.5479850797121928,422332
4,2,10,3,3.304132895949914,422335
13,5,10,10,2.0051739453897595,422336
2,11,5,11,1.6440866363716402,422337
5,12,10,13,2.7488058938237194,422340
12,5,14,8,1.2970747546148305,422341
11,13,12,11,0.7178753725735108,422346
12,12,12,4,1.8399259870560563,422347
9,13,10,13,0.547943514563759,422349
7,2,13,4,3.330542744015501,422352
8,13,14,5,3.771449508317994,422353
1,5,7,2,3.358549967236412,422358
4,5,2,5,1.0969540888542173,422359
9,11,13,11,2.1923611696627017,422361
10,6,13,6,1.645393233967035,422366
7,11,9,11,1.0961314601259848,422367
12,12,9,11,1.6595577634267795,422372
5,4,7,4,1.0971657042628362,422373
7,2,12,5,2.8385987019191172,422374
14,3,12,3,1.097443191592815,422375
10,7,9,3,1.0840832589262954,422377
11,13,13,6,1.9481675166872119,422378
13,3,4,3,4.9381777252645165,422385
12,2,13,6,1.0739743498659047,422386
14,5,11,5,1.6456565643096692,422387
12,5,12,1,0.9199101272173997,422388
11,11,12,5,1.486365354210637,422390
8,12,6,12,1.0959783940301129,422391
7,12,4,10,1.7105236574004874,422392
5,11,11,5,3.5717851525917927,422394
11,4,9,10,1.7678453911204157,422396
13,6,10,10,1.8835596347885721,422397
5,13,9,10,2.3042800818065157,422398
12,6,10,9,1.2950792652894914,422401
7,4,7,11,1.645525051025742,422402
13,6,7,5,3.300960753130513,422403
12,6,10,9,1.2950792652894914,422406
10,13,13,13,1.6438802246936413,422407
13,12,13,5,1.602823037654985,422409
6,11,9,11,1.6441849059433074,422415
12,3,13,6,0.8840765237174545,422416
14,5,12,5,1.0971122856614084,422419
14,10,13,5,1.2685270671909834,422423
6,4,8,4,1.0971814322075675,422427
5,2,6,3,0.6008429416482677,422428
12,12,14,6,1.7576019587554557,422429
2,2,5,3,1.667043863570035,422431
12,6,7,5,2.754165151888055,422433
10,10,10,5,1.1601193524248163,422435
7,12,8,11,0.5966518493749421,422436
13,4,14,5,0.596060540210719,422437
8,9,13,9,2.7411421674813674,422438
14,12,12,12,1.096077204771808,422440
4,3,11,13,4.506307943238595,422442
9,2,6,2,1.64629353225826,422445
13,5,10,9,1.882232074616295,422446
13,8,5,9,4.3915939170671265,422450
7,3,11,10,2.7420864492236277,422451
14,10,13,1,2.131539559371522,422459
10,5,7,5,1.645561655202706,422462
11,6,11,10,0.9240320713200639,422467
10,7,6,3,2.393736514838878,422469
6,12,5,4,1.9731855740194462,422470
6,12,7,12,0.5479850797121928,422473
12,5,11,7,0.7141892270317307,422476
5,11,11,12,3.2958908293496294,422477
13,12,9,12,2.192088535607985,422478
6,11,6,10,0.2361002867052803,422481
9,12,7,3,2.379653741967221,422483
13,6,14,10,1.0666344565097405,422484
12,13,13,9,1.0707334422862782,422488
13,6,10,9,1.7821688801762188,422491
8,4,5,10,2.162020495019191,422497
4,11,6,11,1.0960823272176994,422498
8,4,14,10,3.57636325076848,422499
6,11,13,9,3.8652887063339145,422500
1,11,5,12,2.204768988875328,422501
8,3,7,9,1.5064007975803755,422502
13,5,10,5,1.645632838382688,422503
2,2,11,9,5.218772614446498,422510
7,10,11,8,2.2410715665289915,422511
11,6,8,4,1.7140936563952567,422515
1,11,9,11,4.384329257466502,422516
11,6,11,4,0.4620000288984351,422517
12,5,13,6,0.5960605409438585,422520
9,5,8,11,1.5028173906749327,422522
12,4,7,3,2.7558542858998667,422523
13,9,12,0,2.141584979605118,422527
13,12,11,11,1.1190671346469196,422529
13,10,12,5,1.2733010097783797,422532
9,11,14,10,2.750795162315316,422537
4,11,0,8,2.3100944689869274,422544
11,12,13,6,1.7620402665594006,422545
13,5,11,1,1.4403583677445102,422549
13,8,9,3,2.4871791913321744,422551
8,9,11,10,1.661044622081107,422553
13,6,10,3,1.7910170408673078,422556
10,6,13,9,1.7867702913141643,422557
6,12,5,5,1.7466442268748337,422562
12,12,13,6,1.4818397469318616,422565
13,13,12,5,1.9161990843048262,422568
6,5,10,4,2.2042142646446465,422569
5,10,8,10,1.644371316186913,422575
11,11,13,7,1.4308872007988447,422576
8,4,12,7,2.3070036301800636,422577
1,11,5,11,2.1920991324943593,422578
11,7,6,9,2.7791982206821855,422580
5,11,11,9,3.3218778331430463,422584
9,10,5,10,2.192511369769174,422586
11,5,10,8,0.8824229176404959,422587
1,8,1,11,0.723543566373111,422589
10,3,12,11,2.153456824355692,422590
7,11,9,11,1.0961314601259848,422591
10,6,13,7,1.6625972054157658,422596
12,5,10,9,1.4307686233292023,422597
14,9,10,10,2.2049276496366326,422599
13,6,11,8,1.1874776576445552,422606
10,13,6,9,2.382360261124103,422607
10,9,10,7,0.4640504338722762,422608
9,13,7,4,2.3777718108369568,422610
6,11,9,13,1.708075939182334,422615
12,14,4,13,4.3879321988636155,422617
5,11,4,9,0.725977591293822,422619
11,6,10,7,0.5940270879602435,422620
7,11,10,11,1.6442094709908706,422622
13,8,12,10,0.7148601978322567,422623
1,12,10,8,5.02198735128166,422624
1,11,5,10,2.204995533787445,422625
11,10,11,5,1.1550334190997298,422627
14,10,9,5,2.977950484639147,422632
10,12,6,12,2.1919897229680245,422633
12,9,13,5,1.0672895192731973,422635
12,7,14,5,1.186217350930639,422639
8,12,9,11,0.5963368432703349,422640
4,11,12,6,4.535992744965539,422645
7,12,9,11,1.1213826281611845,422646
7,12,11,6,2.59871753902512,422648
13,6,13,9,0.6869163035369324,422650
12,13,13,1,2.8055817923972026,422658
13,6,8,10,2.8910296440297434,422660
6,10,8,12,1.192121089844807,422662
14,8,9,4,2.8987827224380514,422663
9,3,14,4,2.7555655797010843,422664
7,4,9,5,1.1242200527163977,422666
5,2,6,2,0.5487489687005297,422667
9,3,9,10,1.6312678864979395,422668
2,11,12,11,5.4805753127959305,422671
10,5,7,5,1.645561655202706,422676
9,9,10,8,0.5950032091038208,422677
12,5,10,7,1.187419541917608,422678
4,11,10,10,3.2970377334943852,422680
7,3,3,5,2.239101895455498,422685
14,5,11,6,1.6598665760025588,422691
5,2,11,7,3.5048380934502066,422692
12,5,5,14,4.373490976746608,422700
7,11,10,11,1.6442094709908706,422701
8,1,11,9,2.494771951656283,422702
10,5,10,11,1.3921512991068665,422703
9,13,10,5,1.9385876753478237,422707
9,2,8,2,0.548772282568614,422709
7,12,8,12,0.5479933148846392,422711
14,5,6,9,4.479445713702538,422712
13,8,10,9,1.6604994260093109,422715
10,5,10,12,1.6241859375902692,422718
11,6,14,6,1.6454170989054329,422724
10,11,12,5,1.7649410730663542,422726
13,6,12,11,1.271019289715526,422727
2,4,3,10,1.5429025154402896,422728
5,12,7,11,1.1216137838619378,422729
11,12,8,13,1.6614670921344168,422731
9,13,7,12,1.119607366900561,422734
7,12,6,10,0.7223464102041481,422736
7,14,14,9,4.011175815708909,422737
13,0,11,5,1.5793407332768377,422740
11,1,10,4,0.8793353961483369,422741
5,5,10,9,2.903226649012214,422742
10,8,13,9,1.6612849446226299,422746
12,10,6,9,3.297503611480445,422749
9,11,13,10,2.205066968366238,422752
6,3,12,2,3.2973837187081316,422754
10,8,11,6,0.7159683252564988,422755
7,4,11,8,2.389921765295168,422758
14,12,8,12,3.2881327905083695,422760
13,6,14,11,1.2675734173014803,422762
2,5,8,5,3.290957179036008,422763
8,11,12,9,2.241429987224148,422764
6,12,7,11,0.5969682923875766,422765
7,2,6,2,0.5487567402833767,422766
11,4,11,5,0.23099868052721687,422768
12,5,11,9,1.0705995698652635,422769
10,4,12,9,1.5973542166194843,422770
7,12,14,13,3.8416107044661834,422771
11,6,12,6,0.5484644121577776,422772
9,12,8,10,0.7194547719747374,422773
12,10,10,9,1.1204699357632326,422775
13,8,11,5,1.2989142411421475,422776
10,9,12,9,1.0964649659972974,422778
8,13,5,13,1.6437560085441951,422786
5,2,4,4,0.7205513531250867,422788
11,7,9,3,1.4432487994776297,422789
6,12,9,9,1.7889213616891382,422790
10,6,13,6,1.645393233967035,422792
10,7,8,9,1.1899770118755664,422794
13,10,9,5,2.48279010989413,422795
7,11,12,11,2.7403900499315172,422796
3,5,13,9,5.568334825246028,422797
10,13,6,13,2.191724364829205,422799
11,6,10,9,0.8831962509180562,422801
7,2,10,2,1.6463168452466064,422803
13,8,8,12,2.8936603184624987,422804
11,5,14,7,1.7109039083116875,422813
10,6,13,9,1.7867702913141643,422817
14,6,11,8,1.7061558967447987,422821
11,6,11,11,1.155046757983205,422825
12,12,13,6,1.4818397469318616,422828
11,5,9,4,1.1236404693058946,422829
10,5,4,1,3.4361165538016314,422830
13,8,12,0,1.921164349155462,422831
8,4,14,5,3.3017609319657995,422837
7,10,9,9,1.120791186979514,422840
12,12,13,9,0.8810671156167645,422841
8,13,10,11,1.1927034612842826,422842
11,11,13,10,1.1206392524669369,422844
11,11,14,7,1.8832318425116084,422845
7,2,7,9,1.64548631604452,422846
6,12,7,12,0.5479850797121928,422853
7,11,10,8,1.7869562566945547,422855
8,13,10,11,1.1927034612842826,422860
13,7,6,10,3.89899262377998,422866
8,1,12,10,3.0408481769170814,422867
12,12,14,6,1.7576019587554557,422871
8,11,12,9,2.241429987224148,422873
14,7,12,5,1.1911802217414145,422874
5,2,10,7,2.994565439939663,422876
4,2,8,4,2.2513974097739644,422877
7,13,9,13,1.0958621850095496,422879
8,2,9,5,0.8951598418356613,422880
12,10,10,10,1.0963208198532732,422884
12,10,11,5,1.2780772887586276,422885
8,3,13,4,2.755709698063456,422886
14,5,12,10,1.5829933965922338,422887
10,6,12,11,1.5941659937347754,422888
4,3,2,3,1.097286846710726,422889
13,12,11,6,1.76304800874693,422891
2,11,10,11,4.3843947705214275,422901
7,12,9,10,1.1926439648751048,422904
7,2,10,5,1.79673909239369,422908
7,2,8,2,0.5487645115732054,422909
11,3,8,3,1.6460827148455035,422913
11,1,12,3,0.7216254192731953,422914
10,8,10,13,1.1601597368515029,422915
10,13,13,9,1.8875679419691287,422921
9,10,11,7,1.2974601593698263,422926
8,12,10,9,1.3008547268411585,422928
10,4,12,10,1.7715513698646441,422930
10,11,7,5,2.164870176284648,422931
5,9,10,13,2.895152036864669,422938
10,10,13,6,1.8835596347885721,422944
8,11,6,13,1.1939666066453627,422947
11,2,9,4,1.1860437821827254,422949
6,11,2,12,2.2051748120807555,422960
14,8,10,8,2.193258234610624,422961
11,12,10,9,0.8840719070492217,422964
13,8,12,11,0.8802954480640258,422965
14,10,11,8,1.7077478063347862,422966
12,11,12,5,1.3799444924246644,422968
4,5,8,5,2.194003103368876,422970
12,5,12,8,0.6899603521252122,422971
9,11,10,11,0.5480780125560661,422972
6,10,6,2,1.888701784909235,422973
12,11,12,12,0.23000000054500921,422976
6,13,12,5,3.7781423132639884,422980
7,13,9,4,2.371890623156175,422981
10,8,7,4,1.8981621045502433,422983
6,5,7,12,1.7397014898629044,422985
4,2,10,4,3.3318494905965297,422986
9,9,7,2,1.9795914330243602,422987
10,4,13,9,2.0139470217370774,422990
14,5,8,4,3.3017609319657995,422991
5,12,7,9,1.3051111906430992,422993
10,8,11,11,0.8849230490086281,422995
7,4,11,5,2.2089641129703956,422998
6,12,10,3,3.033567920142362,423002
14,5,2,5,6.582198993745037,423006
14,6,11,10,1.8819055203077095,423007
4,4,8,13,3.0592247685303415,423009
7,11,5,11,1.0960987054786815,423015
4,11,3,13,0.727390356836789,423017
12,5,10,9,1.4307686233292023,423018
4,3,6,2,1.1191405844348477,423020
5,13,7,5,2.1812551746554396,423028
11,11,10,8,0.8849230490086281,423035
3,11,10,2,4.371654674958472,423036
5,2,9,5,2.313646114503386,423038
4,13,0,12,2.2042103547837666,423043
12,7,13,6,0.5934229464763267,423045
13,6,10,8,1.7065047383366492,423047
13,6,9,1,2.4915878783344585,423050
8,11,12,11,2.1923284193994323,423052
11,12,10,12,0.5480180185197788,423057
6,11,9,12,1.6601603362534687,423058
8,3,10,4,1.1245203982991132,423059
11,2,11,6,0.9239893854364244,423062
13,10,11,5,1.5917808586501734,423064
12,5,11,5,0.5485442802934953,423065
8,12,4,3,3.0622992181099655,423066
9,5,9,9,0.9321585138984438,423067
7,2,12,10,3.3247095445928254,423069
6,11,4,10,1.1215831261612288,423070
4,4,10,9,3.501887490049806,423077
10,8,6,2,2.616363426079901,423078
11,6,10,11,1.2798234636872678,423081
9,11,5,9,2.242611560102805,423082
7,12,11,11,2.205209882227824,423086
9,5,10,2,0.8823276659652877,423088
11,8,12,0,1.918418499145871,423091
2,5,10,3,4.408236068305816,423092
11,6,14,6,1.6454170989054329,423093
8,11,8,4,1.63840622662146,423094
8,13,10,8,1.60073811287838,423096
11,3,13,7,1.437471153324536,423099
13,11,13,7,0.9159041182200981,423104
3,11,6,12,1.6607691892121172,423106
9,4,13,6,2.246119790786124,423109
8,4,7,10,1.5073551437572859,423111
4,4,8,4,2.1943314035568546,423113
13,13,14,7,1.477316683620426,423115
10,7,11,7,0.5483784955353691,423116
12,6,12,0,1.379865189300723,423117
6,11,3,10,1.6614195480655416,423119
5,2,8,4,1.7184211249928254,423120
10,9,11,8,0.5946957967031972,423121
4,4,10,6,3.329112351927035,423123
13,7,3,9,5.500920472327887,423127
13,8,9,12,2.380189576445897,423128
5,12,7,12,1.095961923367032,423132
12,11,10,10,1.1199041063429958,423134
4,2,11,6,3.9637655261665135,423135
7,4,10,3,1.6595772231098733,423138
12,4,11,6,0.713578406178839,423142
10,7,13,6,1.660087546958664,423143
4,11,10,10,3.2970377334943852,423147
9,2,12,2,1.6463634685919077,423151
4,2,7,3,1.6666008375553707,423156
12,6,12,0,1.379865189300723,423157
8,3,5,4,1.6596222231823528,423158
10,4,12,10,1.7715513698646441,423161
5,11,10,4,3.1884866591339307,423169
9,10,9,4,1.3982377692611172,423170
2,12,10,13,4.389036244326846,423171
6,13,12,9,3.4198758417577984,423173
12,10,6,2,3.7940190990042177,423180
13,11,10,8,1.7839604252665995,423182
11,12,6,9,2.8280390827242194,423184
14,7,11,9,1.706773426378576,423186
11,11,6,9,2.7802242624019184,423188
5,10,10,11,2.7503700460273164,423190
9,9,14,6,2.8251772041335568,423191
12,10,5,9,3.844553986182171,423192
11,11,14,10,1.6609019715535644,423194
12,5,7,10,2.9733331036885073,423195
13,6,8,10,2.8910296440297434,423197
14,5,12,5,1.0971122856614084,423205
9,12,8,10,0.7194547719747374,423206
10,7,7,5,1.7137320183284859,423214
12,10,6,10,3.2888647442193495,423225
13,12,10,10,1.706355346871395,423230
4,3,4,11,1.904992658859205,423231
6,2,3,1,1.6675221561836615,423233
3,5,7,11,2.6200999966697496,423237
12,7,13,6,0.5934229464763267,423238
5,9,9,11,2.242611560102805,423239
4,12,6,11,1.1217305414705279,423240
10,6,10,10,0.9281008671156488,423250
10,10,8,10,1.09628825489212,423251
10,7,8,4,1.3056990046938883,423255
2,2,8,3,3.304385808807559,423257
4,4,3,1,0.9088799675536321,423258
3,11,11,13,4.407546766598171,423263
6,4,8,4,1.0971814322075675,423272
4,11,10,11,3.2883452287910533,423274
6,10,4,10,1.0962231175058628,423275
6,11,10,2,3.0308957461481247,423280
3,11,12,11,4.9325546484535305,423281
10,5,12,10,1.5957595838747727,423282
7,2,6,4,0.7181929537337212,423287
10,4,8,3,1.1245203982991132,423290
10,6,11,9,0.886626420675728,423291
4,9,7,10,1.661867907665151,423293
7,12,10,13,1.6593218333560844,423294
9,2,6,1,1.6668549069285465,423295
9,5,14,4,2.750461570010788,423299
13,11,12,5,1.4832189426663207,423300
8,9,8,4,1.1702764541997224,423302
11,4,11,11,1.617046784578254,423309
6,13,7,13,0.5479186703780878,423311
10,7,9,5,0.7216240660718721,423313
9,12,13,6,2.593117265671206,423317
2,11,11,11,4.9324809504904605,423321
10,3,10,5,0.46402889440381506,423324
12,1,12,5,0.9199101272173997,423325
11,11,13,11,1.0961969619037584,423326
10,5,11,9,1.078566008560444,423338
12,1,8,3,2.237028562557273,423340
4,11,4,2,2.143103949320051,423342
9,1,10,4,0.8934518068880455,423343
12,5,10,6,1.1193449543288274,423344
7,11,10,11,1.6442094709908706,423346
10,7,11,9,0.7187346286352827,423353
3,2,4,5,0.9080192211893521,423356
13,13,13,6,1.6028413702506574,423357
6,2,10,3,2.2106799909257906,423358
9,4,10,9,1.2885921543138001,423360
6,5,6,9,0.9443620623049274,423362
12,13,9,13,1.6438553833704534,423364
11,6,10,10,1.074777583308988,423366
10,13,7,11,1.7073834554469738,423370
9,11,13,11,2.1923611696627017,423372
12,10,9,9,1.660840541181467,423373
9,11,13,11,2.1923611696627017,423374
13,12,10,8,1.8844366396497378,423377
13,10,5,13,4.441793906804416,423379
11,7,4,13,4.086422891211315,423382
7,12,10,9,1.7879810316375373,423384
6,9,7,2,1.7330485573780634,423385
4,12,6,12,1.0959454520700593,423387
10,9,10,1,1.8561371113710308,423388
12,6,13,6,0.5484723671375905,423389
5,2,9,4,2.2508077435217726,423393
7,2,8,3,0.5998751438114431,423395
13,14,10,12,1.7042895394301338,423397
11,12,11,6,1.3860641119572923,423398
10,6,13,12,2.1497264013889144,423399
5,9,4,2,1.75654909334505,423406
3,11,5,11,1.0960659483281676,423407
6,3,6,11,1.8887241193235815,423409
6,4,9,10,2.171393861457913,423410
13,5,12,9,1.0672895192731973,423411
1,13,1,8,1.2059205347905386,423412
10,6,13,9,1.7867702913141643,423417
8,4,7,3,0.599393419225008,423418
13,6,14,9,0.87897940229137,423420
6,4,5,2,0.7296289365126504,423423
8,3,3,10,3.1923128437136206,423426
12,5,6,9,3.414772629932052,423428
4,11,7,11,1.64413577303233,423432
10,11,9,3,1.942177249223481,423434
11,5,8,3,1.7151707112787289,423436
5,11,4,10,0.5974805726666645,423444
12,10,11,8,0.7165754728189505,423445
7,3,6,5,0.7188115508032061,423447
13,5,11,8,1.2927139502155314,423448
8,2,6,2,1.0975212513139634,423451
9,11,11,9,1.1907127187474371,423452
13,14,12,11,0.8772802861643305,423453
13,6,12,6,0.5484723671375905,423457
7,9,9,9,1.0964163963651745,423458
6,10,9,10,1.6443957427087166,423460
7,4,9,5,1.1242200527163977,423463
14,5,12,5,1.0971122856614084,423464
12,4,3,10,5.12376556071529,423466
10,8,14,6,2.239304737437825,423467
6,5,4,9,1.4449047959313044,423468
14,6,11,11,2.0042490053313564,423472
4,11,9,11,2.7402672246957915,423474
12,5,9,12,2.306644218584436,423476
3,4,2,13,2.2227960808004803,423477
4,9,10,9,3.2892005953932353,423480
11,13,9,10,1.2964642273925484,423481
13,5,10,6,1.6598903610524802,423485
2,2,9,4,3.8763954721668896,423486
13,11,14,6,1.266624064777999,423489
9,12,12,11,1.6611959262054439,423490
11,11,13,12,1.1190671346469196,423491
10,13,9,13,0.547943514563759,423497
12,10,11,7,0.8832233907086119,423499
14,5,6,5,4.388259281729329,423501
9,12,10,4,1.9375936868060968,423502
13,14,6,12,3.860911753240335,423504
8,3,7,3,0.5486786049118588,423506
8,1,12,4,2.3116868614211135,423507
9,10,7,9,1.1213106629711547,423509
5,4,10,11,3.2028419974193443,423512
14,12,10,8,2.3767492961989096,423515
10,12,14,13,2.2026427513574225,423516
8,10,9,11,0.5955900699610096,423519
2,2,13,5,6.084715190126963,423520
9,11,13,6,2.47670180666603,423521
10,8,13,9,1.6612849446226299,423522
8,10,5,11,1.6611054946975172,423523
6,2,10,5,2.3124668819738696,423526
5,9,4,9,0.5481798627053409,423527
11,11,10,3,1.9341790090966122,423528
11,8,12,3,1.2726718121439475,423532
13,10,12,10,0.5481726212912582,423536
7,4,9,3,1.119107888382528,423537
4,11,10,11,3.2883452287910533,423538
11,3,12,6,0.8866287596489227,423539
9,13,12,5,2.475571181158395,423540
4,4,7,2,1.706129468957139,423543
7,12,5,10,1.1930649219475746,423544
4,5,11,9,3.9569910194859172,423545
6,2,12,4,3.3309769471205137,423546
10,7,6,4,2.3093317461154674,423547
13,8,10,8,1.644931606443437,423548
5,2,9,5,2.313646114503386,423549
10,5,10,9,0.9280900976586102,423552
8,12,12,5,2.7260163686052117,423554
11,1,11,12,2.5410441623830105,423555
10,6,13,9,1.7867702913141643,423558
4,11,10,11,3.2883452287910533,423559
10,7,10,5,0.46403966432083715,423560
5,5,4,5,0.5484889114068915,423562
8,13,4,11,2.2408902354472384,423563
10,12,8,9,1.2995296677402788,423568
7,12,9,11,1.1213826281611845,423573
6,10,10,11,2.204686044098498,423575
7,2,6,2,0.5487567402833767,423576
13,5,5,4,4.397078737817106,423578
12,10,6,13,3.3638051042682218,423581
7,11,13,7,3.4165802658423114,423584
7,13,10,3,2.8515079900990097,423586
5,2,4,2,0.548741196829614,423588
13,10,4,11,4.938687465435442,423589
10,14,6,12,2.238653147835298,423590
11,11,12,11,0.5480943876869492,423593
10,8,9,13,1.2860694262607675,423595
11,11,8,5,2.1605326334809534,423597
11,3,13,6,1.3013736394851494,423599
12,3,4,2,4.399387863301236,423601
4,11,9,11,2.7402672246957915,423604
4,11,10,5,3.573646645497918,423607
8,3,9,2,0.5933067435555003,423608
5,4,6,10,1.5252724697166467,423611
4,10,4,2,1.9049699214539524,423612
6,3,7,3,0.5486707873721718,423614
12,9,13,13,1.0675503489540754,423616
13,6,11,8,1.1874776576445552,423617
5,5,2,3,1.7195079603898227,423619
14,14,10,3,3.350698722710201,423623
3,5,14,5,6.033725940964385,423624
14,5,13,2,0.8823776077413575,423625
7,2,6,2,0.5487567402833767,423629
7,12,8,14,0.7194541452826159,423631
3,12,12,13,4.936194712050211,423635
10,6,7,12,2.1586568018372443,423637
8,12,10,9,1.3008547268411585,423638
12,3,9,4,1.659534239872134,423639
11,10,6,13,2.8302635875687803,423641
11,10,6,14,2.898238867966512,423642
3,2,7,2,2.194980325055861,423648
8,3,5,12,2.676407669033169,423650
13,1,14,10,2.131539559371522,423654
11,14,11,12,0.462042712597956,423655
10,5,7,5,1.645561655202706,423656
10,6,5,2,2.909364332518242,423661
6,12,10,10,2.242466799022227,423664
11,1,11,6,1.1549800612896868,423667
11,4,13,5,1.1230646381666214,423668
11,2,14,5,1.7910169804570713,423670
13,5,11,9,1.428437724292112,423673
6,10,10,10,2.1925439378405938,423674
8,12,6,4,2.181053264888651,423675
12,5,13,4,0.5927671609633338,423683
13,5,11,5,1.0970964686781322,423689
8,13,11,8,2.01512666567112,423692
12,12,13,6,1.4818397469318616,423694
13,6,12,11,1.271019289715526,423695
8,4,8,12,1.8724752246707528,423696
12,10,9,11,1.6609678029884893,423699
7,13,7,12,0.2350888410221062,423701
9,11,10,11,0.5480780125560661,423702
5,12,10,11,2.750734061632205,423703
10,13,12,11,1.1914518341351201,423712
4,5,4,2,0.7143424059042347,423713
4,9,12,10,4.391881799974244,423715
5,4,11,9,3.499792128466622,423716
11,11,9,9,1.1902420905875497,423719
14,13,12,11,1.185595005193038,423721
12,13,13,6,1.6976527932178178,423722
10,10,10,7,0.6960796891055894,423724
9,12,12,9,1.7861133597519605,423725
10,6,13,6,1.645393233967035,423726
5,12,11,10,3.322337121350935,423727
5,13,9,11,2.2432979522115093,423729
9,13,2,2,4.6498275832955605,423732
3,5,10,6,3.848642898420888,423734
14,5,11,4,1.6637192114022656,423735
5,2,7,3,1.1259989048615358,423736
9,13,13,14,2.2021030116919467,423738
11,11,12,9,0.7166426320874617,423741
3,9,8,4,2.9778153491683512,423742
13,3,11,9,1.7574138814269664,423743
3,12,9,11,3.2970064951241005,423750
13,1,5,13,5.1894966903995465,423754
7,12,12,11,2.750809065082407,423755
4,11,8,12,2.204288377569375,423757
7,13,7,14,0.23509160749403485,423759
5,2,10,4,2.7894873424950126,423760
9,10,7,10,1.096271971478738,423762
14,10,12,4,1.7613531656761432,423764
5,2,3,4,1.18968092830323,423765
5,4,14,9,5.07783470573474,423766
13,14,10,3,3.0246623555384384,423767
7,11,8,12,0.5955900609400716,423768
14,5,11,8,1.7802690001788208,423769
12,6,12,11,1.1499603526706241,423770
9,12,14,8,2.8927246759367327,423772
11,5,11,9,0.9240214001219064,423775
6,2,9,11,2.6854722505748274,423777
5,2,11,6,3.4324946418585283,423778
9,5,10,4,0.5936660555626927,423779
7,13,10,5,2.486807971246162,423780
10,7,5,3,2.9073106886260414,423784
14,11,12,10,1.1193520158523442,423787
2,2,5,2,1.6462002715286062,423788
14,5,11,11,2.142745484480047,423792
14,6,11,1,2.0165646421211423,423793
12,11,9,13,1.710032885481266,423795
8,13,13,11,2.7810032401032734,423796
7,13,11,5,2.875851249367468,423797
12,5,11,9,1.0705995698652635,423798
9,3,10,4,0.5984340566040558,423801
12,12,13,0,2.8045493105354455,423803
2,5,10,4,4.392012754246596,423807
7,10,5,9,1.1218758722527225,423810
10,6,6,5,2.208375771269012,423811
11,5,12,1,1.0671557497433892,423814
13,6,7,11,3.4856475685669075,423817
9,5,9,12,1.6313059250869517,423821
8,2,10,7,1.6085384312430253,423822
10,8,9,4,1.0831631297884854,423823
9,3,6,12,2.6696830837965844,423825
14,5,10,7,2.2387578672040904,423828
12,14,10,11,1.2934120155154374,423830
11,1,14,6,2.0165646421211423,423834
1,11,5,11,2.1920991324943593,423835
10,5,12,4,1.1190754425353175,423836
12,12,14,5,1.9409953787578804,423838
13,5,6,9,3.944879737320392,423840
10,4,11,8,1.0794852861991697,423844
9,13,0,11,4.953466230786102,423847
11,12,8,1,3.049888772763938,423854
13,12,10,10,1.706355346871395,423855
12,11,13,6,1.271019289715526,423858
12,5,14,6,1.122198283000338,423859
7,12,9,13,1.119607366900561,423861
8,13,8,4,2.106546963791826,423865
14,5,12,6,1.11914302394053,423869
10,3,8,2,1.125114504827976,423871
9,5,13,7,2.244956352083951,423874
13,5,10,4,1.6639316681197764,423876
4,3,9,2,2.7501642872662386,423877
11,8,12,5,0.8802011284506422,423879
13,6,12,14,1.9167737460762255,423880
9,5,7,5,1.0970331947425462,423881
7,10,8,12,0.7208991330018291,423882
10,4,10,9,1.160105890488951,423888
5,2,6,2,0.5487489687005297,423889
8,4,4,2,2.2513974097739644,423890
8,12,13,6,3.071601758107463,423891
13,5,11,1,1.4403583677445102,423892
14,6,11,7,1.660061985070998,423893
6,11,11,9,2.7802191233599687,423899
12,6,14,5,1.11914302394053,423900
9,12,14,7,2.9736261999594826,423902
10,14,10,8,1.3921997600024634,423904
10,8,13,6,1.7065047383366492,423906
8,10,11,12,1.7077355235102953,423907
6,4,11,7,2.8362528564079454,423909
5,10,7,11,1.1213009255077566,423913
8,2,10,1,1.118480588913102,423916
13,5,12,10,1.2701044264680363,423917
5,4,3,3,1.1259900599283117,423919
10,6,6,4,2.2478503004420354,423922
11,4,10,5,0.593364960325604,423923
8,11,11,11,1.644234035094055,423924
4,2,9,4,2.789987728143279,423926
13,5,9,4,2.2086213466023557,423929
11,3,11,6,0.6929960412692643,423930
12,8,6,2,3.5877393567590894,423935
2,2,8,11,3.935765166832162,423936
12,11,12,6,1.1499603526706241,423942
3,11,6,3,2.504985206396836,423943
4,5,7,3,1.7067493440007975,423944
13,14,11,13,1.1179569027264291,423947
5,11,13,1,4.952827296008623,423948
6,12,10,12,2.1919897229680245,423949
6,12,7,12,0.5479850797121928,423950
13,14,13,7,1.6028597025368987,423953
12,9,13,6,0.8787538653871149,423956
11,10,11,8,0.46202137147753414,423963
12,10,14,12,1.1865187041769951,423967
2,2,6,2,2.194949236977325,423970
7,13,9,14,1.119046691730446,423972
4,10,13,6,5.018756310054401,423974
13,10,10,13,1.7862015859384168,423976
7,11,11,9,2.2416518830437706,423979
0,8,4,4,2.385947035028799,423986
13,6,11,9,1.2936928551507538,423988
6,11,13,14,3.895264143902747,423994
13,8,14,4,1.0631255744754162,423996
8,4,9,4,0.548602511815107,424000
12,10,6,9,3.297503611480445,424005
6,12,9,12,1.643979942077186,424006
12,11,14,9,1.1888671446689163,424008
8,4,5,2,1.7184211249928254,424011
11,8,5,9,3.2970809728914467,424013
8,5,5,9,1.8905769848812148,424015
10,3,10,10,1.6241482444935138,424022
2,12,11,9,4.983317217086618,424023
6,12,5,2,2.4323112654285923,424027
9,5,10,2,0.8823276659652877,424028
6,4,12,1,3.3562271311661798,424030
10,7,13,5,1.705889228556583,424031
8,4,7,2,0.7267084678730676,424032
10,12,7,10,1.7084290896371837,424033
12,10,6,10,3.2888647442193495,424034
4,12,8,12,2.191923841565282,424037
12,11,8,5,2.601517809834042,424039
5,2,8,2,1.6462702183891167,424040
11,1,14,5,1.8941326646815906,424041
12,10,10,8,1.1902421286261649,424042
6,3,9,1,1.704829042802136,424043
13,6,12,12,1.4818397469318616,424044
10,5,9,5,0.5485284621077193,424045
7,10,8,12,0.7208991330018291,424048
11,10,11,9,0.23101201963608092,424049
8,13,13,7,3.0736288450829483,424053
8,3,10,6,1.306939122757712,424059
9,1,9,5,0.9321150393552914,424062
10,13,7,11,1.7073834554469738,424065
13,9,11,6,1.2976877036339542,424066
12,0,6,9,3.8847170051889077,424067
9,11,12,10,1.6609678029884893,424069
7,2,11,9,2.7447911417668758,424071
10,12,9,12,0.5480097842903712,424074
9,10,4,10,2.7406188517888705,424080
6,10,6,13,0.7083092345321231,424084
11,10,11,6,0.9240320713200639,424087
5,5,6,2,0.8912581030112956,424089
6,2,10,10,2.8951931836256373,424092
4,12,6,9,1.3065403916616272,424093
13,5,6,10,4.0057007892278405,424095
13,13,10,8,2.0061243609635415,424098
6,11,12,5,3.5699323427944445,424099
12,11,6,3,3.7905686247424053,424102
13,13,13,7,1.3738718893483568,424104
10,4,11,3,0.5930363710369445,424105
10,14,7,13,1.6586904706549732,424106
1,11,13,10,6.581400824616164,424107
12,10,8,5,2.485532252171973,424109
6,12,9,9,1.7889213616891382,424110
6,11,8,4,1.9726349197350026,424111
6,5,11,8,2.8345931136597637,424114
3,11,7,11,2.192164649293132,424115
13,6,13,12,1.3738561758276704,424116
13,5,13,1,0.9158412604165238,424117
13,5,14,11,1.4773577511533054,424119
4,2,4,9,1.6668387350109435,424120
1,12,6,12,2.739801848563382,424121
14,6,14,1,1.1397216299143798,424122
10,8,11,8,0.5483024882761007,424123
11,13,14,6,2.299611895228209,424124
5,11,8,11,1.6441603399594864,424129
7,2,11,11,3.0446687119105564,424131
7,10,11,10,2.1925765046688412,424132
9,5,4,2,2.8416053015176463,424133
10,3,10,9,1.3921189904599849,424134
5,13,4,9,1.0969786973615527,424135
9,14,10,13,0.596711473489884,424139
12,2,12,5,0.6899365609883948,424142
12,10,9,3,2.3161342747092095,424146
3,9,12,5,5.018018849752267,424148
6,11,8,11,1.0961150831171302,424150
12,3,11,8,1.2726718121439475,424151
13,6,11,1,1.5981553434919105,424155
12,7,13,9,0.7158576390372815,424162
13,5,12,6,0.5930942272818236,424169
12,4,10,8,1.4295429825623478,424170
3,4,11,9,4.549962118797016,424176
6,2,5,10,1.9660541086428778,424177
14,5,10,9,2.3749556378389385,424178
11,5,6,2,2.839597715722635,424181
14,4,13,1,0.8832280785161903,424182
8,12,7,11,0.5955900609400716,424184
8,3,5,5,1.706398313465233,424186
4,4,6,4,1.097149975724903,424193
6,11,4,10,1.1215831261612288,424194
4,4,6,4,1.097149975724903,424195
11,6,12,0,1.4816130547811908,424196
11,10,13,6,1.4296614504974694,424197
8,1,10,8,1.9751293791291507,424198
13,5,10,4,1.6639316681197764,424201
12,5,12,4,0.22998149727008083,424202
7,11,10,10,1.6610356445892327,424203
10,12,11,5,1.709765396550849,424204
7,2,5,10,2.176039615517502,424207
9,4,10,6,0.7223484305582766,424209
10,5,12,6,1.1227686065632283,424211
10,6,11,11,1.281900946014521,424213
8,3,10,12,2.3711836515100124,424215
12,10,11,13,0.8840650824407118,424216
10,8,10,5,0.6960635349178105,424217
11,12,10,10,0.7165748753276161,424220
8,2,5,2,1.6462702183891167,424221
5,12,9,11,2.205194802731983,424224
10,11,12,11,1.096180587400138,424226
13,6,13,10,0.9158936423603836,424227
12,6,10,7,1.1196182692718855,424229
13,5,7,5,3.291194478765225,424230
13,6,12,10,1.0681499694618304,424231
12,0,11,9,2.1408002007941334,424235
7,13,12,10,2.8297912253087127,424239
13,5,4,2,4.995763390334412,424243
10,5,10,10,1.1601193524248163,424244
10,3,10,7,0.9280685581906829,424247
8,12,9,9,0.8899904243524914,424249
8,13,6,12,1.1198840253648554,424250
10,13,12,11,1.1914518341351201,424255
9,12,5,11,2.204129292586547,424256
10,14,7,12,1.7063428274236854,424259
11,1,9,4,1.2915645391617112,424262
5,2,11,14,4.3340843115582866,424264
12,10,10,10,1.0963208198532732,424265
11,14,9,13,1.1184998909665522,424267
12,5,6,10,3.4852219156447855,424269
6,2,10,9,2.7495320407044868,424271
3,10,12,11,4.938308895819823,424274
12,11,13,6,1.271019289715526,424275
6,11,5,2,2.2029468724175882,424277
1,11,12,10,6.033622174347254,424281
11,7,14,8,1.661731694143399,424282
5,11,5,10,0.23711719431632558,424285
6,11,9,11,1.6441849059433074,424286
12,11,10,8,1.297075698822053,424287
10,7,6,9,2.2407152042263427,424288
10,8,8,5,1.3044609620077627,424289
12,11,11,6,1.2771227809976717,424291
0,2,6,3,3.3046403617218028,424292
10,3,8,3,1.0973806607172891,424294
11,14,9,13,1.1184998909665522,424295
12,5,12,9,0.9199524225751161,424299
4,11,11,11,3.8364314172220757,424301
13,7,5,11,4.482143945668823,424302
13,6,11,8,1.1874776576445552,424303
4,11,10,9,3.3219459103265887,424304
6,9,7,3,1.5118952626943953,424305
10,8,9,9,0.5950032091038208,424306
12,11,13,8,0.8802954480640258,424307
10,4,12,4,1.097244338043324,424310
10,12,14,13,2.2026427513574225,424315
12,9,12,1,1.8398625456347875,424316
14,6,13,11,1.266624064777999,424317
9,12,10,6,1.4982820348807673,424320
8,12,6,10,1.192121089844807,424324
10,14,7,13,1.6586904706549732,424332
13,9,10,8,1.6612849446226299,424339
12,7,11,8,0.5940562394591523,424343
3,3,7,11,2.90974408542974,424347
12,14,10,8,1.7647436189893757,424348
0,12,1,7,1.3250335086896754,424350
13,5,11,8,1.2927139502155314,424354
10,8,10,9,0.23202656314130216,424356
13,5,11,6,1.1192435924134005,424357
13,8,9,5,2.3043016320156826,424358
9,4,12,4,1.6458547114494033,424361
7,12,13,9,3.3625820741181256,424362
10,3,9,5,0.7152949371735277,424363
12,7,6,9,3.3209342528321475,424364
6,11,3,13,1.7122863538695492,424366
12,4,14,5,1.1227781321386694,424371
13,7,6,9,3.8645589168475207,424372
9,9,10,2,1.713385350333235,424375
4,11,10,12,3.295997263694541,424377
8,13,12,13,2.1917906134455047,424378
11,12,12,5,1.7032200312138528,424379
6,5,7,9,1.0932911686670148,424380
5,12,12,2,4.481872056850785,424381
11,8,9,10,1.1900358769413362,424384
4,2,10,13,4.195183809295652,424385
5,5,7,1,1.437562582002059,424393
13,5,10,5,1.645632838382688,424394
13,7,13,6,0.22896948224731517,424399
8,4,12,7,2.3070036301800636,424400
3,4,5,9,1.6253990481153244,424401
5,2,3,2,1.0974746209496753,424404
11,10,10,9,0.5951210548409619,424406
13,5,9,13,2.8664530490690954,424408
8,12,12,7,2.4803426615945274,424411
7,3,6,5,0.7188115508032061,424412
12,6,14,9,1.2958513873019266,424413
5,5,9,4,2.2041947167855214,424417
8,1,10,5,1.4490511243743984,424420
13,9,9,9,2.1929299269076425,424421
11,2,13,6,1.4389140162437535,424422
12,3,13,6,0.8840765237174545,424427
13,9,9,10,2.2049154001906506,424430
4,12,10,11,3.2970662473218386,424431
2,12,12,10,5.5013312973306725,424432
10,10,7,5,2.021814787439575,424433
6,3,3,2,1.6668220069752282,424434
14,10,9,5,2.977950484639147,424436
9,12,6,9,1.7881816335787308,424439
5,4,10,6,2.786930398855314,424441
6,4,8,3,1.1192088587317979,424449
12,5,13,6,0.5960605409438585,424451
7,3,13,1,3.318547147619367,424455
12,11,10,6,1.5941659937347754,424457
7,3,13,6,3.370921324449911,424458
7,13,6,11,0.7216220812115134,424459
10,4,12,5,1.1233520842153142,424460
11,11,12,11,0.5480943876869492,424465
7,13,5,10,1.3038439928089565,424466
4,2,1,2,1.6461769541545466,424468
13,13,11,13,1.0959284310779909,424470
11,10,5,9,3.2976139585741153,424472
9,12,6,9,1.7881816335787308,424475
11,1,6,4,2.8220555534468263,424478
13,5,7,10,3.483999357709706,424485
13,10,14,8,0.7136962602778684,424486
11,6,13,6,1.0969367787438367,424487
11,11,10,8,0.8849230490086281,424488
8,12,14,6,3.5682640902778777,424493
13,12,6,3,4.379787462748068,424495
13,5,12,10,1.2701044264680363,424499
11,6,14,6,1.6454170989054329,424500
10,10,14,7,2.2980777278109206,424502
12,5,8,5,2.1941296608297383,424504
9,11,11,11,1.096164212268364,424508
6,6,5,3,0.9020080148004334,424511
9,12,7,13,1.121684025625799,424512
13,6,11,5,1.1224829739247735,424513
12,7,5,9,3.8645696591244683,424514
7,11,10,11,1.6442094709908706,424515
13,12,12,3,2.138594580138426,424522
13,6,11,8,1.1874776576445552,424524
8,5,8,3,0.46809687254651583,424525
4,4,2,5,1.1199006092523012,424526
14,9,11,8,1.6610802991049503,424528
10,7,11,9,0.7187346286352827,424530
13,8,6,9,3.8442651627474254,424531
9,14,10,12,0.720854730518339,424532
1,12,5,12,2.191825010011941,424537
12,3,10,9,1.7618511426979118,424539
2,5,6,3,2.239310366930407,424541
9,4,6,9,2.01374567466859,424545
12,5,10,5,1.0970806510949342,424546
3,2,7,5,2.316015562160735,424547
10,8,9,4,1.0831631297884854,424550
6,9,13,9,3.8375423531678696,424552
10,11,13,4,2.3000771495945442,424553
4,11,11,11,3.8364314172220757,424556
4,12,10,12,3.287935161437097,424557
7,13,6,11,0.7216220812115134,424558
14,12,13,7,1.2666198596077511,424559
4,2,10,12,4.055489422941377,424561
12,6,13,6,0.5484723671375905,424562
9,5,10,10,1.2876367295235012,424564
8,10,5,9,1.6616610428246052,424569
10,8,7,12,1.8912635822493158,424571
12,12,12,1,2.5298546088196177,424574
6,12,1,11,2.7501028388513262,424576
8,11,5,1,2.8846088481243237,424582
12,11,11,9,0.7158570476372506,424584
6,12,5,11,0.5965324661284928,424585
12,4,10,4,1.097244338043324,424586
10,8,13,9,1.6612849446226299,424587
8,3,5,9,2.1601557623409477,424588
7,12,9,9,1.302268339243897,424593
6,9,10,9,2.192832787638272,424594
12,1,12,10,2.069857257415444,424595
7,12,6,13,0.5973162585415981,424596
12,5,4,11,4.600284292271342,424597
13,7,13,9,0.45794682148175353,424602
13,6,13,2,0.9158517371594159,424607
6,2,7,4,0.7281672912299516,424610
13,8,12,0,1.921164349155462,424612
9,2,6,2,1.64629353225826,424614
6,11,1,9,2.782601846219938,424615
7,10,5,4,1.7971576833519576,424618
12,8,11,1,1.7089517918888233,424619
4,2,8,3,2.2110341843496477,424622
5,2,7,13,2.824738997373538,424623
4,5,12,9,4.491017247102181,424626
1,2,13,3,6.59225816510581,424627
7,2,4,4,1.706129468957139,424628
12,4,13,6,0.7180152077306566,424629
14,6,11,11,2.0042490053313564,424630
9,10,6,9,1.6614548733308052,424631
7,2,12,9,3.2004640670070397,424632
13,8,11,9,1.12006959615143,424636
10,5,12,9,1.437469883489944,424638
4,11,2,2,2.423964103300745,424641
11,12,13,9,1.296645371099283,424643
13,6,11,9,1.2936928551507538,424645
13,5,4,2,4.995763390334412,424648
12,13,10,10,1.294631113986815,424649
4,11,14,6,5.601962402753765,424651
12,10,7,5,2.9826621233582267,424653
4,10,7,3,2.3253784687120795,424655
13,7,11,10,1.2946743974665946,424657
5,3,7,5,1.1997505113200626,424658
6,2,12,10,3.7940190990042177,424659
4,12,6,12,1.0959454520700593,424660
11,11,13,10,1.1206392524669369,424663
7,9,13,8,3.2972113779548398,424667
4,2,9,12,3.6262551374805323,424668
1,10,7,11,3.2971835123350766,424675
12,11,10,11,1.096180587400138,424678
12,12,12,1,2.5298546088196177,424679
12,10,8,10,2.192609070253576,424682
14,7,10,6,2.2069534578359122,424683
0,12,2,13,1.121563863648469,424687
14,10,14,3,1.595664772535081,424688
7,13,7,12,0.2350888410221062,424689
5,11,4,9,0.725977591293822,424690
10,5,10,9,0.9280900976586102,424692
13,6,11,11,1.5877590696408923,424697
11,11,10,12,0.5957111528351801,424699
11,11,12,8,0.8825177608826676,424700
12,8,6,9,3.2971460772004013,424701
8,3,6,13,2.5896271372514077,424705
14,10,10,10,2.1926741976900934,424711
2,2,0,8,1.8051414403479127,424712
7,11,6,11,0.548053447508892,424717
11,1,10,5,1.0704650202189616,424719
7,12,12,11,2.750809065082407,424721
7,13,6,10,0.8934448326033668,424724
0,8,9,9,4.940688460916806,424727
8,2,6,9,1.9693176934012404,424730
6,14,11,12,2.781822703974043,424731
14,5,11,1,1.8941326646815906,424734
6,13,9,12,1.661543029878666,424735
9,11,13,11,2.1923611696627017,424736
11,11,14,10,1.6609019715535644,424737
5,13,8,11,1.7115268674714859,424738
8,11,11,9,1.7091090232405985,424740
5,10,11,13,3.3605146827997614,424743
10,8,3,5,3.908318520698685,424747
14,10,14,6,0.9118240118394674,424748
10,6,12,6,1.096920868484217,424749
13,11,12,1,2.3626346824340563,424750
10,8,9,4,1.0831631297884854,424751
7,2,11,4,2.2496340083346644,424753
12,8,6,12,3.418583617969032,424754
13,4,10,8,1.8809088001167724,424756
8,9,8,13,0.9362705157624159,424760
11,1,12,7,1.492981280331876,424761
8,12,12,13,2.202951785900215,424764
10,4,11,7,0.8883312352142049,424766
11,13,14,6,2.299611895228209,424768
8,5,9,10,1.2924198292565328,424772
8,11,12,12,2.2036553974461803,424775
7,4,9,4,1.0971971595569878,424777
13,6,11,7,1.1195151261058025,424779
13,10,13,8,0.45795205940962486,424780
5,5,5,3,0.4741977689122745,424784
12,5,13,9,1.071220120927999,424785
6,11,7,11,0.548053447508892,424786
14,12,14,6,1.3677515847115136,424788
6,11,10,11,2.1922629151148754,424792
10,6,12,6,1.096920868484217,424794
7,10,10,9,1.6608098015460757,424799
11,1,11,6,1.1549800612896868,424801
10,10,6,9,2.205408887682324,424802
9,11,8,13,0.7214171303918685,424803
14,8,12,6,1.1902422050556412,424805
10,7,11,12,1.280946107663526,424808
13,6,6,9,3.898211212181315,424810
13,6,11,9,1.2936928551507538,424811
13,3,10,4,1.6595135050592515,424813
6,4,12,9,3.4977033001998,424818
14,11,8,9,3.320832854218867,424819
13,6,11,7,1.1195151261058025,424820
9,2,12,5,1.7938695029224467,424822
5,11,4,10,0.5974805726666645,424824
8,1,9,5,1.0896066375741733,424830
11,8,14,6,1.7061558967447987,424832
5,2,10,5,2.8405999170130567,424833
11,3,8,3,1.6460827148455035,424837
8,5,6,3,1.1987869043408346,424839
9,10,6,9,1.6614548733308052,424840
6,2,4,2,1.097490164987174,424841
10,11,7,10,1.6606013046510317,424844
11,6,12,10,1.0739732336305694,424847
10,6,11,8,0.7194560425025651,424848
10,11,11,11,0.5480862002766034,424849
10,9,12,11,1.1893069212488752,424852
3,12,12,8,5.021283469342017,424861
3,2,6,2,1.6462235880239466,424862
10,13,13,9,1.8875679419691287,424867
4,2,9,4,2.789987728143279,424872
13,6,11,9,1.2936928551507538,424879
12,13,11,10,0.8806731957976347,424881
8,13,11,7,2.1569780314076223,424883
4,12,11,8,3.9496449166071934,424884
7,9,9,9,1.0964163963651745,424888
14,8,13,10,0.7136962602778684,424890
4,11,12,5,4.600284292271342,424893
6,3,4,9,1.7886653485910045,424894
13,7,12,10,0.8795243641687479,424895
13,2,13,7,1.1448212187673366,424896
10,2,13,6,1.8947075621536837,424897
7,10,14,6,3.945520849104189,424901
11,2,10,3,0.5927094349433476,424902
5,5,7,10,1.6157481567820797,424904
13,7,12,5,0.7172952660076894,424905
11,9,13,9,1.096481154641529,424906
13,9,10,5,1.8895562835581465,424908
3,11,10,9,3.8653445423788355,424912
11,11,12,5,1.486365354210637,424920
14,10,13,14,1.0682830896356927,424922
9,12,7,12,1.095994864065316,424925
3,2,5,2,1.0974746209496753,424926
9,12,8,13,0.5966816911908605,424927
6,11,7,5,1.5138059306540332,424931
8,3,9,1,0.7152351538440906,424932
12,5,11,1,1.078567077804116,424934
6,2,13,5,3.911563279149633,424936
9,12,7,12,1.095994864065316,424939
3,12,4,11,0.5979262151804453,424940
6,3,6,2,0.23607795229155382,424941
10,5,12,7,1.193064818173846,424944
10,5,13,6,1.663261665029665,424945
7,3,6,9,1.5118952626943953,424949
7,2,8,1,0.5932775486603636,424950
9,12,7,10,1.1911801308285859,424951
10,7,6,9,2.2407152042263427,424953
7,2,11,5,2.3112913192761475,424959
6,5,5,2,0.9028664455939565,424961
11,6,9,4,1.19496082363638,424962
11,2,5,9,3.6633761728923355,424963
13,7,6,12,4.008922362104178,424969
11,8,10,5,0.8874786481424443,424970
6,11,7,12,0.5960605453046238,424972
2,4,5,4,1.6456895711562514,424974
10,5,12,9,1.437469883489944,424975
9,12,6,13,1.661543029878666,424976
1,11,2,5,1.5413461317706425,424977
12,11,14,6,1.5843965523428065,424985
8,13,10,9,1.4404059565953977,424986
3,5,2,2,0.9106000357904636,424988
12,12,12,1,2.5298546088196177,424990
5,12,7,11,1.1216137838619378,424995
7,2,7,4,0.47012511420201736,424997
10,6,10,9,0.6960716120825652,425003
12,4,11,2,0.7209017679306368,425004
10,2,4,3,3.297233875245519,425006
11,6,6,9,2.8265226455246855,425007
10,6,13,9,1.7867702913141643,425012
12,5,9,11,2.149749971918916,425013
5,13,12,8,4.011567623679556,425014
7,12,10,7,2.0160655230843414,425016
6,4,10,7,2.3093317461154674,425017
13,3,12,3,0.548717688183731,425019
6,9,11,9,2.7410612180877068,425023
11,8,9,9,1.120283791570397,425024
12,5,14,14,2.333601030306309,425025
10,8,13,12,1.8844366396497378,425027
7,4,7,9,1.1753612042756252,425028
6,12,4,12,1.0959454520700593,425031
11,13,12,5,1.9233802039150356,425033
5,11,3,11,1.0960659483281676,425038
8,9,12,10,2.205085350223224,425039
10,7,7,5,1.7137320183284859,425041
11,1,12,6,1.2818962089409682,425043
13,3,1,2,6.59225816510581,425045
10,10,9,4,1.5017884862304702,425047
9,13,12,9,1.8892453345689522,425049
12,8,7,5,2.833609679106209,425058
5,11,9,12,2.204129292586547,425059
12,9,6,9,3.2892977402204453,425062
10,5,13,6,1.663261665029665,425067
7,11,11,13,2.2392248005843234,425069
10,9,6,9,2.192832787638272,425070
5,11,6,13,0.7230708006692714,425076
9,10,12,5,2.0077103991610126,425077
10,13,10,2,2.5522625615588197,425078
7,11,7,5,1.4104583449693828,425079
11,6,6,9,2.8265226455246855,425080
3,2,3,4,0.4782585768733574,425082
12,11,6,9,3.321645260068516,425083
6,4,7,2,0.7181929537337212,425084
12,4,10,8,1.4295429825623478,425085
11,13,8,13,1.6438305410956922,425086
12,4,14,6,1.192121081114486,425090
1,5,11,1,5.554172339106103,425091
7,8,14,6,3.8642081362568947,425093
8,12,6,11,1.120450077150978,425096
8,11,11,10,1.6610014726197226,425098
12,1,9,4,1.778128464563878,425099
6,12,7,10,0.7231694761369315,425101
6,11,9,11,1.6441849059433074,425102
14,6,10,9,2.2971174605613163,425105
4,2,3,2,0.5487334246628522,425106
12,10,11,6,1.0739732336305694,425108
9,3,12,4,1.664822302017277,425109
12,4,13,1,0.8749101996128065,425114
8,11,11,14,1.7825616784544227,425116
4,3,2,13,2.625066792483308,425121
13,12,6,9,3.898797662510392,425123
9,10,11,10,1.0963045376823348,425125
12,12,8,10,2.239798129662601,425126
11,13,13,6,1.9481675166872119,425128
2,5,2,3,0.4802973658910644,425130
7,12,8,10,0.7219802077814205,425137
11,4,12,4,0.5486261006127737,425140
12,5,12,14,2.069952417930756,425143
8,5,8,2,0.7021411956033818,425145
12,11,14,14,1.2897665587642633,425146
4,9,5,11,0.725977591293822,425147
9,10,8,10,0.5481400569525696,425148
1,12,0,11,0.5989134812799177,425149
12,1,13,7,1.4871173408624934,425150
10,12,9,14,0.720854730518339,425154
10,11,12,8,1.2970526180839559,425156
9,4,12,9,2.0172198502689422,425167
10,12,9,13,0.5963665618105398,425171
12,8,8,2,2.6089210808621344,425172
6,3,6,12,2.1248271950760365,425174
6,11,9,11,1.6441849059433074,425175
7,11,8,9,0.7213566023635061,425179
6,14,4,9,1.6133357705070437,425180
11,6,14,6,1.6454170989054329,425183
12,5,13,9,1.071220120927999,425184
12,1,10,5,1.4258782276732112,425186
3,2,5,2,1.0974746209496753,425190
4,2,9,9,3.212976574371378,425192
12,5,7,5,2.7426422980642986,425195
7,12,7,10,0.47016938236607286,425196
12,13,8,5,2.874937213944768,425197
4,9,7,11,1.711584442676835,425198
7,9,5,10,1.1210152513489566,425199
6,11,7,13,0.7216220812115134,425201
14,11,14,2,2.0515689896999554,425202
10,13,12,11,1.1914518341351201,425205
13,8,7,5,3.3674201318976564,425208
5,4,8,5,1.6650043283213765,425210
6,4,9,11,2.330114707024475,425213
12,11,9,12,1.6611959262054439,425214
11,7,6,9,2.7791982206821855,425221
11,10,9,10,1.0963045376823348,425225
8,12,10,10,1.192016955087386,425226
13,11,13,6,1.144873599826912,425230
7,13,12,11,2.781140277524956,425237
10,11,13,6,2.0067822778144926,425238
13,6,11,8,1.1874776576445552,425240
6,5,7,3,0.7188115508032061,425243
13,4,10,12,2.4677835789925306,425246
13,8,14,7,0.5934518531043923,425249
13,8,11,7,1.121330215116208,425251
12,12,11,9,0.8815228935692626,425254
13,13,13,11,0.45796777266531447,425256
11,6,5,2,3.4324946418585283,425258
6,9,8,3,1.7796914621837547,425259
4,9,10,8,3.2970160649524773,425260
10,6,14,6,2.1938735524750963,425263
13,6,6,12,4.081305117090302,425264
7,13,7,12,0.2350888410221062,425266
7,10,6,9,0.5970057800488152,425267
13,5,8,4,2.754862475690822,425275
4,12,6,12,1.0959454520700593,434253
9,12,9,13,0.23305457182353048,434254
14,8,12,10,1.1881997563317648,434257
9,13,9,6,1.6313249438880142,434262
6,11,9,11,1.6441849059433074,434264
10,4,12,10,1.7715513698646441,434265
7,13,12,11,2.781140277524956,434272
14,14,11,12,1.703609773122858,434273
10,11,9,13,0.7202329916694422,434275
12,0,11,8,1.918418499145871,434277
7,11,9,9,1.1919575867182173,434278
3,2,7,2,2.194980325055861,434279
10,6,10,1,1.1600655032944291,434280
11,4,12,1,0.8771204661427399,434285
13,6,11,11,1.5877590696408923,434286
10,3,11,6,0.8891841807761716,434287
6,11,8,11,1.0961150831171302,434294
10,7,6,9,2.2407152042263427,434296
13,6,11,8,1.1874776576445552,434298
11,6,12,8,0.7180145817262121,434300
12,5,6,9,3.414772629932052,434301
11,5,11,1,0.923978713509986,434302
5,9,11,9,3.2892491687307497,434305
10,8,6,9,2.2047317989936843,434306
12,4,14,5,1.1227781321386694,434310
2,11,7,3,3.3250423152382567,434311
6,9,7,12,0.8942998271123089,434314
14,9,9,4,2.980302707536727,434315
11,1,11,6,1.1549800612896868,434321
7,11,5,10,1.1213009255077566,434325
10,4,13,4,1.645878299351315,434326
8,9,13,8,2.7506014739672797,434328
10,4,12,4,1.097244338043324,434329
3,12,7,13,2.2037341899846377,434332
13,9,6,9,3.8375423531678696,434337
10,4,12,5,1.1233520842153142,434339
10,11,7,10,1.6606013046510317,434341
6,11,4,13,1.1952412259717682,434342
4,5,6,11,1.8005819866163657,434344
6,12,8,12,1.0959783940301129,434348
10,5,10,10,1.1601193524248163,434349
14,10,13,10,0.5481807615980511,434350
10,13,6,9,2.382360261124103,434355
11,6,14,6,1.6454170989054329,434361
14,5,11,7,1.705543866171152,434365
12,8,7,13,2.978408928502693,434366
12,14,7,13,2.7477896213782333,434368
3,5,8,4,2.750165231215785,434369
6,10,7,12,0.7223464102041481,434370
12,8,13,6,0.7136374315677887,434374
11,8,11,5,0.6930120486105168,434378
10,7,11,6,0.5940270879602435,434382
13,6,11,6,1.0969367787438367,434385
4,11,7,10,1.6611411724242795,434387
8,3,6,3,1.0973493917395136,434394
13,10,13,0,2.2896555237943024,434398
12,10,12,5,1.1499471360436992,434399
10,3,11,8,1.2847659884224392,434400
8,4,6,2,1.1997503623935317,434402
5,5,6,2,0.8912581030112956,434403
6,12,9,10,1.7104934918048051,434405
6,2,7,2,0.5487567402833767,434409
9,12,7,14,1.1940264775291058,434411
8,13,7,10,0.8908841720435262,434412
9,11,13,6,2.47670180666603,434413
12,12,11,6,1.4881072172672127,434414
13,6,11,7,1.1195151261058025,434415
11,4,14,7,1.788181622664625,434416
1,6,1,12,1.447078375040397,434417
12,4,14,8,1.4331527539024607,434418
13,5,11,2,1.3026064879695316,434420
14,6,14,7,0.22795211095437543,434422
9,11,13,8,2.2996837287950207,434431
2,13,5,12,1.6617009190495569,434433
2,2,4,4,1.2036327800713866,434434
1,12,7,13,3.2954661229600957,434435
11,1,9,4,1.2915645391617112,434436
11,1,11,6,1.1549800612896868,434438
4,9,5,13,1.0969786973615527,434443
1,11,14,6,7.2192809613283035,434447
5,2,5,3,0.23709465885730208,434448
13,5,12,10,1.2701044264680363,434450
10,5,12,6,1.1227686065632283,434451
11,8,10,9,0.5946957967031972,434456
12,5,9,2,1.7938695029224467,434459
12,1,13,6,1.2771182417646776,434463
11,1,12,7,1.492981280331876,434465
2,12,6,12,2.1918579551224995,434470
12,5,8,2,2.310119433131112,434471
10,7,6,10,2.300632587645644,434472
5,12,7,11,1.1216137838619378,434475
13,6,10,8,1.7065047383366492,434476
11,10,11,11,0.2310146873209384,434477
11,13,13,12,1.1212240738155164,434479
12,5,14,9,1.4317158692245162,434484
12,7,10,11,1.433225958493201,434486
7,3,6,2,0.6003583412186361,434487
8,12,12,10,2.2420143325495703,434488
13,6,12,8,0.7136374315677887,434490
12,12,13,9,0.8810671156167645,434493
5,2,9,5,2.313646114503386,434494
10,13,5,14,2.7509569612573994,434495
14,8,9,12,2.8927246759367327,434502
10,7,8,2,1.6085384312430253,434506
11,11,10,11,0.5480862002766034,434507
13,6,10,4,1.712672861713689,434515
6,4,8,3,1.1192088587317979,434517
2,9,5,2,2.3325128769124523,434518
12,10,11,9,0.5946534752431142,434519
10,14,6,13,2.2025629460974585,434523
4,11,13,5,5.124588083317987,434524
9,13,4,13,2.739593338927378,434526
11,11,13,9,1.1894794316676816,434529
12,8,7,10,2.779576267050292,434530
8,13,5,13,1.6437560085441951,434531
7,12,10,11,1.6612673148497101,434533
7,5,5,9,1.4425310090460355,434536
13,6,14,13,1.6901509580542249,434537
11,6,6,9,2.8265226455246855,434541
5,4,9,5,2.2093090998488507,434545
3,11,5,11,1.0960659483281676,434549
12,5,14,8,1.2970747546148305,434553
5,3,6,2,0.5942136674258074,434554
11,10,12,10,0.5481644806714805,434555
12,11,11,10,0.5941873047278923,434556
7,4,6,10,1.5128505205252765,434558
12,6,12,3,0.6899444915019772,434559
10,11,13,13,1.7053199301110116,434561
13,5,11,5,1.0970964686781322,434562
13,14,6,10,3.943484838194867,434563
8,2,5,2,1.6462702183891167,434567
12,8,6,9,3.2971460772004013,434569
11,11,13,9,1.1894794316676816,434570
7,13,5,10,1.3038439928089565,434571
10,13,4,11,3.319881386424298,434573
11,6,13,9,1.2976877036339542,434574
11,6,9,5,1.1230551799428599,434576
11,5,11,9,0.9240214001219064,434579
11,10,13,5,1.5863521595979397,434582
13,5,11,8,1.2927139502155314,434583
6,13,10,9,2.3852882607334016,434584
13,10,12,5,1.2733010097783797,434587
1,5,12,13,6.322547702915163,434589
12,4,11,8,1.0697380847960047,434593
9,12,6,13,1.661543029878666,434600
12,10,7,5,2.9826621233582267,434601
1,2,9,5,4.455702997272336,434602
10,8,10,11,0.6960877659893554,434604
10,4,8,4,1.097212886313572,434606
14,8,6,9,4.391693361384606,434607
9,10,8,13,0.8907694017583594,434609
10,9,12,13,1.431713503621861,434610
1,10,1,5,1.20587675797293,434612
13,6,12,5,0.5960605409438585,434617
10,8,6,3,2.4954653906519866,434621
4,11,10,10,3.2970377334943852,434626
11,10,10,10,0.5481563397418936,434631
9,10,12,5,2.0077103991610126,434633
12,4,11,8,1.0697380847960047,434635
13,12,10,11,1.6593583033749035,434636
12,10,14,4,1.7545234072820044,434637
9,9,9,12,0.6991474140290348,434640
5,3,8,3,1.646012359643282,434643
11,3,13,9,1.768150654570837,434644
11,11,11,6,1.155046757983205,434647
3,11,10,12,3.8428675370070096,434653
12,11,12,7,0.9199735691773624,434654
10,9,11,10,0.5951210548409619,434657
10,13,14,13,2.1918568569692782,434660
5,2,5,12,2.3710733406015683,434661
4,3,1,2,1.6672664068883318,434664
8,13,11,8,2.01512666567112,434665
10,6,10,2,0.9280577881797943,434667
5,11,6,13,0.7230708006692714,434668
10,8,11,9,0.5955900880872369,434669
10,3,10,6,0.696047380180421,434674
8,3,7,5,0.7176357570981762,434676
11,3,8,9,2.1495708861068263,434677
10,5,12,9,1.437469883489944,434679
9,4,10,9,1.2885921543138001,434680
4,2,5,4,0.7310933852194957,434681
4,9,5,9,0.5481798627053409,434682
11,6,10,8,0.7159683252564988,434687
14,8,10,8,2.193258234610624,434689
4,4,6,10,1.8022974631851822,434693
4,3,6,13,2.6173984144028823,434696
12,5,11,8,0.8802011284506422,434701
12,5,11,5,0.5485442802934953,434705
9,11,8,12,0.5963368432703349,434707
6,12,6,11,0.23610307828673693,434710
11,12,11,10,0.4620320422173406,434712
7,13,3,12,2.2037341899846377,434717
6,3,7,10,1.7416751449471304,434718
13,8,13,9,0.22897472026504986,434720
6,11,7,11,0.548053447508892,434723
14,10,10,1,3.027117890273135,434724
10,11,11,4,1.7087896659049784,434727
8,12,8,5,1.6384254192836163,434729
8,3,14,4,3.3026907340340013,434732
13,8,10,12,1.8862275772077082,434736
13,5,5,10,4.5336247730393815,434737
5,4,3,2,1.202657982303497,434739
6,11,2,9,2.2443102200739187,434742
9,1,13,9,2.8807140642184557,434744
9,1,12,7,2.164874199934812,434748
6,10,10,9,2.20488075990077,434751
10,4,12,10,1.7715513698646441,434753
12,13,12,8,1.1499867852505512,434754
11,11,12,8,0.8825177608826676,434756
11,6,13,6,1.0969367787438367,434757
9,4,13,10,2.6002866934372686,434758
9,9,6,2,2.334792699296579,434760
13,10,11,10,1.0963371014017627,434762
11,5,10,7,0.7153545226166355,434765
10,7,11,11,1.076727983034012,434767
8,12,5,12,1.6439552365516814,434769
12,9,13,11,0.7144230364497118,434775
12,8,12,3,1.1499207021198197,434777
14,10,14,6,0.9118240118394674,434778
9,12,9,9,0.6991474140290348,434779
7,3,1,5,3.3195601646823976,434784
7,12,13,1,4.152035578125386,434785
10,9,9,12,0.8877528241464158,434786
7,4,12,10,3.08299640169009,434795
14,8,6,11,4.440133860722061,434796
10,6,10,3,0.696047380180421,434799
11,11,12,11,0.5480943876869492,434801
12,4,11,2,0.7209017679306368,434803
7,13,8,13,0.547926952092868,434805
10,8,6,5,2.307773700390058,434810
4,2,4,5,0.7143424059042347,434811
7,12,10,12,1.6440046466557536,434812
9,5,7,2,1.3100488452089358,434820
8,10,7,12,0.7219802077814205,434822
6,11,6,2,2.1248020690787577,434823
11,13,9,13,1.0958953093156651,434828
3,2,9,11,3.9301488668002795,434831
3,10,5,11,1.121866270174992,434836
11,13,14,11,1.7092984225776073,434837
10,13,12,4,2.3486777926499607,434839
11,13,12,9,1.0740490227154025,434840
12,3,9,4,1.659534239872134,434844
8,3,6,2,1.125703172828322,434845
6,13,9,2,3.0529011483436475,434846
6,13,6,11,0.4722089480374699,434847
5,5,10,9,2.903226649012214,434848
6,2,0,11,3.9160441463688977,434849
14,14,12,12,1.1846741906152924,434850
5,5,8,4,1.6598166157964482,434851
3,12,5,12,1.0959289801420133,434852
3,2,8,4,2.7904896949598323,434855
